date,location,confirmed,recoveries,deaths,daily_confirmed,daily_recoveries,daily_deaths
2020-03-10,Delhi,4,0,0,,,
2020-03-10,Haryana,14,0,0,,,
2020-03-10,Karnataka,1,0,0,,,
2020-03-10,Kerala,9,0,0,,,
2020-03-10,Maharashtra,2,0,0,,,
2020-03-10,Punjab,1,0,0,,,
2020-03-10,Rajasthan,2,0,0,,,
2020-03-10,Tamil Nadu,1,0,0,,,
2020-03-10,Telengana,1,0,0,,,
2020-03-10,Jammu and Kashmir,1,0,0,,,
2020-03-10,Ladakh,2,0,0,,,
2020-03-10,Uttar Pradesh,9,0,0,,,
2020-03-11,Delhi,5,0,0,1,0,0
2020-03-11,Haryana,14,0,0,0,0,0
2020-03-11,Karnataka,4,0,0,3,0,0
2020-03-11,Kerala,17,0,0,8,0,0
2020-03-11,Maharashtra,2,0,0,0,0,0
2020-03-11,Punjab,1,0,0,0,0,0
2020-03-11,Rajasthan,3,0,0,1,0,0
2020-03-11,Tamil Nadu,1,0,0,0,0,0
2020-03-11,Telengana,1,0,0,0,0,0
2020-03-11,Jammu and Kashmir,1,0,0,0,0,0
2020-03-11,Ladakh,2,0,0,0,0,0
2020-03-11,Uttar Pradesh,9,0,0,0,0,0
2020-03-12,Delhi,6,0,0,1,0,0
2020-03-12,Haryana,14,0,0,0,0,0
2020-03-12,Karnataka,4,0,0,0,0,0
2020-03-12,Kerala,17,0,0,0,0,0
2020-03-12,Maharashtra,11,0,0,9,0,0
2020-03-12,Punjab,1,0,0,0,0,0
2020-03-12,Rajasthan,3,0,0,0,0,0
2020-03-12,Tamil Nadu,1,0,0,0,0,0
2020-03-12,Telengana,1,0,0,0,0,0
2020-03-12,Jammu and Kashmir,1,0,0,0,0,0
2020-03-12,Ladakh,3,0,0,1,0,0
2020-03-12,Uttar Pradesh,11,0,0,2,0,0
2020-03-13,Andhra Pradesh,1,0,0,,,
2020-03-13,Delhi,7,1,1,1,1,1
2020-03-13,Haryana,14,0,0,0,0,0
2020-03-13,Karnataka,6,0,1,2,0,1
2020-03-13,Kerala,19,3,0,2,3,0
2020-03-13,Maharashtra,14,0,0,3,0,0
2020-03-13,Punjab,1,0,0,0,0,0
2020-03-13,Rajasthan,3,1,0,0,1,0
2020-03-13,Tamil Nadu,1,0,0,0,0,0
2020-03-13,Telengana,1,0,0,0,0,0
2020-03-13,Jammu and Kashmir,1,0,0,0,0,0
2020-03-13,Ladakh,3,0,0,0,0,0
2020-03-13,Uttar Pradesh,11,5,0,0,5,0
2020-03-14,Andhra Pradesh,1,0,0,0,0,0
2020-03-14,Delhi,7,1,1,0,0,0
2020-03-14,Haryana,14,0,0,0,0,0
2020-03-14,Karnataka,6,0,1,0,0,0
2020-03-14,Kerala,19,3,0,0,0,0
2020-03-14,Maharashtra,14,0,0,0,0,0
2020-03-14,Punjab,1,0,0,0,0,0
2020-03-14,Rajasthan,3,1,0,0,0,0
2020-03-14,Tamil Nadu,1,0,0,0,0,0
2020-03-14,Telengana,1,0,0,0,0,0
2020-03-14,Jammu and Kashmir,2,0,0,1,0,0
2020-03-14,Ladakh,3,0,0,0,0,0
2020-03-14,Uttar Pradesh,12,5,0,1,0,0
2020-03-15,Andhra Pradesh,1,0,0,0,0,0
2020-03-15,Delhi,7,2,1,0,1,0
2020-03-15,Haryana,14,0,0,0,0,0
2020-03-15,Karnataka,6,0,1,0,0,0
2020-03-15,Kerala,22,3,0,3,0,0
2020-03-15,Maharashtra,32,0,0,18,0,0
2020-03-15,Punjab,1,0,0,0,0,0
2020-03-15,Rajasthan,4,3,0,1,2,0
2020-03-15,Tamil Nadu,1,0,0,0,0,0
2020-03-15,Telengana,3,1,0,2,1,0
2020-03-15,Jammu and Kashmir,2,0,0,0,0,0
2020-03-15,Ladakh,3,0,0,0,0,0
2020-03-15,Uttar Pradesh,13,4,0,1,-1,0
2020-03-15,Uttarakhand,1,0,0,,,
2020-03-16,Andhra Pradesh,1,0,0,0,0,0
2020-03-16,Delhi,7,2,1,0,0,0
2020-03-16,Haryana,14,0,0,0,0,0
2020-03-16,Karnataka,6,0,1,0,0,0
2020-03-16,Kerala,23,3,0,1,0,0
2020-03-16,Maharashtra,32,0,0,0,0,0
2020-03-16,Odisha,1,0,0,,,
2020-03-16,Punjab,1,0,0,0,0,0
2020-03-16,Rajasthan,4,3,0,0,0,0
2020-03-16,Tamil Nadu,1,0,0,0,0,0
2020-03-16,Telengana,3,1,0,0,0,0
2020-03-16,Jammu and Kashmir,3,0,0,1,0,0
2020-03-16,Ladakh,4,0,0,1,0,0
2020-03-16,Uttar Pradesh,13,4,0,0,0,0
2020-03-16,Uttarakhand,1,0,0,0,0,0
2020-03-17,Andhra Pradesh,1,0,0,0,0,0
2020-03-17,Delhi,8,2,1,1,0,0
2020-03-17,Haryana,15,0,0,1,0,0
2020-03-17,Karnataka,11,0,1,5,0,0
2020-03-17,Kerala,26,3,0,3,0,0
2020-03-17,Maharashtra,39,0,1,7,0,1
2020-03-17,Odisha,1,0,0,0,0,0
2020-03-17,Punjab,1,0,0,0,0,0
2020-03-17,Rajasthan,4,3,0,0,0,0
2020-03-17,Tamil Nadu,1,0,0,0,0,0
2020-03-17,Telengana,5,1,0,2,0,0
2020-03-17,Jammu and Kashmir,3,0,0,0,0,0
2020-03-17,Ladakh,6,0,0,2,0,0
2020-03-17,Uttar Pradesh,15,5,0,2,1,0
2020-03-17,Uttarakhand,1,0,0,0,0,0
2020-03-18,Andhra Pradesh,1,0,0,0,0,0
2020-03-18,Delhi,10,2,1,2,0,0
2020-03-18,Haryana,17,0,0,2,0,0
2020-03-18,Karnataka,11,0,1,0,0,0
2020-03-18,Kerala,27,3,0,1,0,0
2020-03-18,Maharashtra,42,0,1,3,0,0
2020-03-18,Odisha,1,0,0,0,0,0
2020-03-18,Puducherry,1,0,0,,,
2020-03-18,Punjab,1,0,0,0,0,0
2020-03-18,Rajasthan,4,3,0,0,0,0
2020-03-18,Tamil Nadu,1,0,0,0,0,0
2020-03-18,Telengana,6,1,0,1,0,0
2020-03-18,Jammu and Kashmir,3,0,0,0,0,0
2020-03-18,Ladakh,8,0,0,2,0,0
2020-03-18,Uttar Pradesh,16,5,0,1,0,0
2020-03-18,Uttarakhand,1,0,0,0,0,0
2020-03-18,West Bengal,1,0,0,,,
2020-03-19,Andhra Pradesh,2,0,0,1,0,0
2020-03-19,Chhattisgarh,1,0,0,,,
2020-03-19,Delhi,12,3,1,2,1,0
2020-03-19,Haryana,17,0,0,0,0,0
2020-03-19,Karnataka,14,0,1,3,0,0
2020-03-19,Kerala,27,3,0,0,0,0
2020-03-19,Maharashtra,47,0,1,5,0,0
2020-03-19,Odisha,1,0,0,0,0,0
2020-03-19,Puducherry,1,0,0,0,0,0
2020-03-19,Punjab,2,0,1,1,0,1
2020-03-19,Rajasthan,7,3,0,3,0,0
2020-03-19,Tamil Nadu,2,1,0,1,1,0
2020-03-19,Telengana,6,1,0,0,0,0
2020-03-19,Chandigarh,1,0,0,,,
2020-03-19,Jammu and Kashmir,4,0,0,1,0,0
2020-03-19,Ladakh,8,0,0,0,0,0
2020-03-19,Uttar Pradesh,19,9,0,3,4,0
2020-03-19,Uttarakhand,1,0,0,0,0,0
2020-03-19,West Bengal,1,0,0,0,0,0
2020-03-20,Andhra Pradesh,3,0,0,1,0,0
2020-03-20,Chhattisgarh,1,0,0,0,0,0
2020-03-20,Delhi,17,5,1,5,2,0
2020-03-20,Gujarat,5,0,0,,,
2020-03-20,Haryana,17,0,0,0,0,0
2020-03-20,Karnataka,15,1,1,1,1,0
2020-03-20,Kerala,28,3,0,1,0,0
2020-03-20,Maharashtra,52,0,1,5,0,0
2020-03-20,Odisha,2,0,0,1,0,0
2020-03-20,Puducherry,1,0,0,0,0,0
2020-03-20,Punjab,2,0,1,0,0,0
2020-03-20,Rajasthan,17,3,0,10,0,0
2020-03-20,Tamil Nadu,3,1,0,1,0,0
2020-03-20,Telengana,17,1,0,11,0,0
2020-03-20,Chandigarh,1,0,0,0,0,0
2020-03-20,Jammu and Kashmir,4,0,0,0,0,0
2020-03-20,Ladakh,10,0,0,2,0,0
2020-03-20,Uttar Pradesh,23,9,0,4,0,0
2020-03-20,Uttarakhand,3,0,0,2,0,0
2020-03-20,West Bengal,2,0,0,1,0,0
2020-03-21,Andhra Pradesh,3,0,0,0,0,0
2020-03-21,Chhattisgarh,1,0,0,0,0,0
2020-03-21,Delhi,26,5,1,9,0,0
2020-03-21,Gujarat,7,0,0,2,0,0
2020-03-21,Haryana,17,0,0,0,0,0
2020-03-21,Himachal Pradesh,2,0,0,,,
2020-03-21,Karnataka,15,1,1,0,0,0
2020-03-21,Kerala,40,3,0,12,0,0
2020-03-21,Madhya Pradesh,4,0,0,,,
2020-03-21,Maharashtra,63,0,1,11,0,0
2020-03-21,Odisha,2,0,0,0,0,0
2020-03-21,Puducherry,1,0,0,0,0,0
2020-03-21,Punjab,13,0,1,11,0,0
2020-03-21,Rajasthan,17,3,0,0,0,0
2020-03-21,Tamil Nadu,3,1,0,0,0,0
2020-03-21,Telengana,21,1,0,4,0,0
2020-03-21,Chandigarh,1,0,0,0,0,0
2020-03-21,Jammu and Kashmir,4,0,0,0,0,0
2020-03-21,Ladakh,13,0,0,3,0,0
2020-03-21,Uttar Pradesh,24,9,0,1,0,0
2020-03-21,Uttarakhand,3,0,0,0,0,0
2020-03-21,West Bengal,3,0,0,1,0,0
2020-03-22,Andhra Pradesh,5,0,0,2,0,0
2020-03-22,Bihar,2,0,1,,,
2020-03-22,Chhattisgarh,1,0,0,0,0,0
2020-03-22,Delhi,29,5,1,3,0,0
2020-03-22,Gujarat,18,0,1,11,0,1
2020-03-22,Haryana,21,0,0,4,0,0
2020-03-22,Himachal Pradesh,2,0,0,0,0,0
2020-03-22,Karnataka,26,2,1,11,1,0
2020-03-22,Kerala,52,3,0,12,0,0
2020-03-22,Madhya Pradesh,4,0,0,0,0,0
2020-03-22,Maharashtra,67,0,2,4,0,1
2020-03-22,Odisha,2,0,0,0,0,0
2020-03-22,Puducherry,1,0,0,0,0,0
2020-03-22,Punjab,21,0,1,8,0,0
2020-03-22,Rajasthan,24,3,0,7,0,0
2020-03-22,Tamil Nadu,7,1,0,4,0,0
2020-03-22,Telengana,22,1,0,1,0,0
2020-03-22,Chandigarh,5,0,0,4,0,0
2020-03-22,Jammu and Kashmir,4,0,0,0,0,0
2020-03-22,Ladakh,13,0,0,0,0,0
2020-03-22,Uttar Pradesh,27,9,0,3,0,0
2020-03-22,Uttarakhand,3,0,0,0,0,0
2020-03-22,West Bengal,4,0,0,1,0,0
2020-03-23,Andhra Pradesh,7,0,0,2,0,0
2020-03-23,Bihar,2,0,1,0,0,0
2020-03-23,Chhattisgarh,1,0,0,0,0,0
2020-03-23,Delhi,29,5,1,0,0,0
2020-03-23,Gujarat,29,0,1,11,0,0
2020-03-23,Haryana,26,11,0,5,11,0
2020-03-23,Himachal Pradesh,2,0,0,0,0,0
2020-03-23,Karnataka,33,2,1,7,0,0
2020-03-23,Kerala,67,3,0,15,0,0
2020-03-23,Madhya Pradesh,6,0,0,2,0,0
2020-03-23,Maharashtra,74,0,2,7,0,0
2020-03-23,Odisha,2,0,0,0,0,0
2020-03-23,Puducherry,1,0,0,0,0,0
2020-03-23,Punjab,21,0,1,0,0,0
2020-03-23,Rajasthan,28,3,0,4,0,0
2020-03-23,Tamil Nadu,9,1,0,2,0,0
2020-03-23,Telengana,32,1,0,10,0,0
2020-03-23,Chandigarh,6,0,0,1,0,0
2020-03-23,Jammu and Kashmir,4,0,0,0,0,0
2020-03-23,Ladakh,13,0,0,0,0,0
2020-03-23,Uttar Pradesh,31,9,0,4,0,0
2020-03-23,Uttarakhand,3,0,0,0,0,0
2020-03-23,West Bengal,7,0,1,3,0,1
2020-03-24,Andhra Pradesh,8,0,0,1,0,0
2020-03-24,Bihar,3,0,1,1,0,0
2020-03-24,Chhattisgarh,1,0,0,0,0,0
2020-03-24,Delhi,30,6,2,1,1,1
2020-03-24,Gujarat,33,0,1,4,0,0
2020-03-24,Haryana,28,11,0,2,0,0
2020-03-24,Himachal Pradesh,3,0,1,1,0,1
2020-03-24,Karnataka,37,3,1,4,1,0
2020-03-24,Kerala,95,4,0,28,1,0
2020-03-24,Madhya Pradesh,7,0,0,1,0,0
2020-03-24,Maharashtra,89,0,2,15,0,0
2020-03-24,Manipur,1,0,0,,,
2020-03-24,Odisha,2,0,0,0,0,0
2020-03-24,Puducherry,1,0,0,0,0,0
2020-03-24,Punjab,29,0,1,8,0,0
2020-03-24,Rajasthan,32,3,0,4,0,0
2020-03-24,Tamil Nadu,15,1,0,6,0,0
2020-03-24,Telengana,35,1,0,3,0,0
2020-03-24,Chandigarh,7,0,0,1,0,0
2020-03-24,Jammu and Kashmir,4,0,0,0,0,0
2020-03-24,Ladakh,13,0,0,0,0,0
2020-03-24,Uttar Pradesh,33,11,0,2,2,0
2020-03-24,Uttarakhand,4,0,0,1,0,0
2020-03-24,West Bengal,9,0,1,2,0,0
2020-03-25,Andhra Pradesh,9,1,0,1,1,0
2020-03-25,Bihar,4,0,1,1,0,0
2020-03-25,Chhattisgarh,1,0,0,0,0,0
2020-03-25,Delhi,31,6,1,1,0,-1
2020-03-25,Gujarat,38,0,1,5,0,0
2020-03-25,Haryana,28,11,0,0,0,0
2020-03-25,Himachal Pradesh,3,0,1,0,0,0
2020-03-25,Karnataka,41,3,1,4,0,0
2020-03-25,Kerala,109,4,0,14,0,0
2020-03-25,Madhya Pradesh,14,0,0,7,0,0
2020-03-25,Maharashtra,128,1,3,39,1,1
2020-03-25,Manipur,1,0,0,0,0,0
2020-03-25,Mizoram,1,0,0,,,
2020-03-25,Odisha,2,0,0,0,0,0
2020-03-25,Puducherry,1,0,0,0,0,0
2020-03-25,Punjab,29,0,1,0,0,0
2020-03-25,Rajasthan,36,3,0,4,0,0
2020-03-25,Tamil Nadu,18,1,0,3,0,0
2020-03-25,Telengana,35,1,0,0,0,0
2020-03-25,Chandigarh,7,0,0,0,0,0
2020-03-25,Jammu and Kashmir,7,1,0,3,1,0
2020-03-25,Ladakh,13,0,0,0,0,0
2020-03-25,Uttar Pradesh,37,11,0,4,0,0
2020-03-25,Uttarakhand,4,0,0,0,0,0
2020-03-25,West Bengal,9,0,1,0,0,0
2020-03-26,Andaman and Nicobar Islands,1,0,0,,,
2020-03-26,Andhra Pradesh,11,1,0,2,0,0
2020-03-26,Bihar,6,0,1,2,0,0
2020-03-26,Chandigarh,7,0,0,0,0,0
2020-03-26,Chhattisgarh,6,0,0,5,0,0
2020-03-26,Delhi,36,6,1,5,0,0
2020-03-26,Goa,3,0,0,,,
2020-03-26,Gujarat,43,0,3,5,0,2
2020-03-26,Haryana,30,11,0,2,0,0
2020-03-26,Himachal Pradesh,3,0,1,0,0,0
2020-03-26,Jammu and Kashmir,13,1,0,6,0,0
2020-03-26,Karnataka,55,3,2,14,0,1
2020-03-26,Kerala,118,6,0,9,2,0
2020-03-26,Ladakh,13,0,0,0,0,0
2020-03-26,Madhya Pradesh,20,0,1,6,0,1
2020-03-26,Maharashtra,124,1,3,-4,0,0
2020-03-26,Manipur,1,0,0,0,0,0
2020-03-26,Mizoram,1,0,0,0,0,0
2020-03-26,Odisha,2,0,0,0,0,0
2020-03-26,Puducherry,1,0,0,0,0,0
2020-03-26,Punjab,33,0,1,4,0,0
2020-03-26,Rajasthan,41,3,0,5,0,0
2020-03-26,Tamil Nadu,26,1,1,8,0,1
2020-03-26,Telengana,44,1,0,9,0,0
2020-03-26,Uttarakhand,5,0,0,1,0,0
2020-03-26,Uttar Pradesh,41,11,0,4,0,0
2020-03-26,West Bengal,10,0,1,1,0,0
2020-03-27,Andaman and Nicobar Islands,1,0,0,0,0,0
2020-03-27,Andhra Pradesh,12,1,0,1,0,0
2020-03-27,Bihar,6,0,1,0,0,0
2020-03-27,Chandigarh,7,0,0,0,0,0
2020-03-27,Chhattisgarh,6,0,0,0,0,0
2020-03-27,Delhi,36,6,1,0,0,0
2020-03-27,Goa,3,0,0,0,0,0
2020-03-27,Gujarat,43,0,3,0,0,0
2020-03-27,Haryana,30,11,0,0,0,0
2020-03-27,Himachal Pradesh,3,0,1,0,0,0
2020-03-27,Jammu and Kashmir,13,1,1,0,0,1
2020-03-27,Karnataka,55,3,2,0,0,0
2020-03-27,Kerala,137,11,0,19,5,0
2020-03-27,Ladakh,13,3,0,0,3,0
2020-03-27,Madhya Pradesh,20,0,1,0,0,0
2020-03-27,Maharashtra,130,15,4,6,14,1
2020-03-27,Manipur,1,0,0,0,0,0
2020-03-27,Mizoram,1,0,0,0,0,0
2020-03-27,Odisha,2,0,0,0,0,0
2020-03-27,Puducherry,1,0,0,0,0,0
2020-03-27,Punjab,33,0,1,0,0,0
2020-03-27,Rajasthan,41,3,0,0,0,0
2020-03-27,Tamil Nadu,29,1,1,3,0,0
2020-03-27,Telengana,45,1,0,1,0,0
2020-03-27,Uttarakhand,5,0,0,0,0,0
2020-03-27,Uttar Pradesh,41,11,0,0,0,0
2020-03-27,West Bengal,10,0,1,0,0,0
2020-03-28,Andhra Pradesh,14,1,0,2,0,0
2020-03-28,Andaman and Nicobar Islands,6,0,0,5,0,0
2020-03-28,Bihar,9,0,1,3,0,0
2020-03-28,Chandigarh,8,0,0,1,0,0
2020-03-28,Chhattisgarh,6,0,0,0,0,0
2020-03-28,Delhi,39,6,1,3,0,0
2020-03-28,Goa,3,0,0,0,0,0
2020-03-28,Gujarat,45,0,3,2,0,0
2020-03-28,Haryana,33,12,0,3,1,0
2020-03-28,Himachal Pradesh,3,0,1,0,0,0
2020-03-28,Jammu and Kashmir,20,1,1,7,0,0
2020-03-28,Karnataka,55,3,2,0,0,0
2020-03-28,Kerala,176,11,0,39,0,0
2020-03-28,Ladakh,13,3,0,0,0,0
2020-03-28,Madhya Pradesh,30,0,2,10,0,1
2020-03-28,Maharashtra,180,25,5,50,10,1
2020-03-28,Manipur,1,0,0,0,0,0
2020-03-28,Mizoram,1,0,0,0,0,0
2020-03-28,Odisha,3,0,0,1,0,0
2020-03-28,Puducherry,1,0,0,0,0,0
2020-03-28,Punjab,38,1,1,5,1,0
2020-03-28,Rajasthan,54,3,0,13,0,0
2020-03-28,Tamil Nadu,40,2,1,11,1,0
2020-03-28,Telengana,56,1,0,11,0,0
2020-03-28,Uttarakhand,5,0,0,0,0,0
2020-03-28,Uttar Pradesh,55,11,0,14,0,0
2020-03-28,West Bengal,15,0,1,5,0,0
2020-03-29,Andhra Pradesh,19,1,0,5,0,0
2020-03-29,Andaman and Nicobar Islands,9,0,0,3,0,0
2020-03-29,Bihar,11,0,1,2,0,0
2020-03-29,Chandigarh,8,0,0,0,0,0
2020-03-29,Chhattisgarh,7,0,0,1,0,0
2020-03-29,Delhi,49,6,2,10,0,1
2020-03-29,Goa,5,0,0,2,0,0
2020-03-29,Gujarat,58,1,5,13,1,2
2020-03-29,Haryana,33,17,0,0,5,0
2020-03-29,Himachal Pradesh,3,0,1,0,0,0
2020-03-29,Jammu and Kashmir,31,1,2,11,0,1
2020-03-29,Karnataka,76,5,3,21,2,1
2020-03-29,Kerala,182,15,1,6,4,1
2020-03-29,Ladakh,13,3,0,0,0,0
2020-03-29,Madhya Pradesh,30,0,2,0,0,0
2020-03-29,Maharashtra,186,25,6,6,0,1
2020-03-29,Manipur,1,0,0,0,0,0
2020-03-29,Mizoram,1,0,0,0,0,0
2020-03-29,Odisha,3,0,0,0,0,0
2020-03-29,Puducherry,1,0,0,0,0,0
2020-03-29,Punjab,38,1,1,0,0,0
2020-03-29,Rajasthan,55,3,0,1,0,0
2020-03-29,Tamil Nadu,49,4,1,9,2,0
2020-03-29,Telengana,66,1,1,10,0,1
2020-03-29,Uttarakhand,7,2,0,2,2,0
2020-03-29,Uttar Pradesh,65,11,0,10,0,0
2020-03-29,West Bengal,18,0,1,3,0,0
2020-03-30,Andhra Pradesh,23,1,0,4,0,0
2020-03-30,Andaman and Nicobar Islands,9,0,0,0,0,0
2020-03-30,Bihar,15,0,1,4,0,0
2020-03-30,Chandigarh,8,0,0,0,0,0
2020-03-30,Chhattisgarh,7,0,0,0,0,0
2020-03-30,Delhi,87,6,2,38,0,0
2020-03-30,Goa,5,0,0,0,0,0
2020-03-30,Gujarat,69,1,6,11,0,1
2020-03-30,Haryana,36,18,0,3,1,0
2020-03-30,Himachal Pradesh,3,0,1,0,0,0
2020-03-30,Jammu and Kashmir,48,2,2,17,1,0
2020-03-30,Karnataka,83,5,3,7,0,0
2020-03-30,Kerala,202,19,1,20,4,0
2020-03-30,Ladakh,13,3,0,0,0,0
2020-03-30,Madhya Pradesh,47,0,3,17,0,1
2020-03-30,Maharashtra,198,25,8,12,0,2
2020-03-30,Manipur,1,0,0,0,0,0
2020-03-30,Mizoram,1,0,0,0,0,0
2020-03-30,Odisha,3,0,0,0,0,0
2020-03-30,Puducherry,1,0,0,0,0,0
2020-03-30,Punjab,38,1,1,0,0,0
2020-03-30,Rajasthan,59,3,0,4,0,0
2020-03-30,Tamil Nadu,67,4,1,18,0,0
2020-03-30,Telengana,71,1,1,5,0,0
2020-03-30,Uttarakhand,7,2,0,0,0,0
2020-03-30,Uttar Pradesh,82,11,0,17,0,0
2020-03-30,West Bengal,22,0,1,4,0,0
2020-03-31,Andhra Pradesh,40,1,0,17,0,0
2020-03-31,Andaman and Nicobar Islands,10,0,0,1,0,0
2020-03-31,Bihar,15,0,1,0,0,0
2020-03-31,Chandigarh,13,0,0,5,0,0
2020-03-31,Chhattisgarh,8,0,0,1,0,0
2020-03-31,Delhi,97,6,2,10,0,0
2020-03-31,Goa,5,0,0,0,0,0
2020-03-31,Gujarat,73,3,6,4,2,0
2020-03-31,Haryana,40,21,0,4,3,0
2020-03-31,Himachal Pradesh,3,0,1,0,0,0
2020-03-31,Jammu and Kashmir,54,2,2,6,0,0
2020-03-31,Karnataka,83,5,3,0,0,0
2020-03-31,Kerala,234,19,1,32,0,0
2020-03-31,Ladakh,13,3,0,0,0,0
2020-03-31,Madhya Pradesh,47,0,3,0,0,0
2020-03-31,Maharashtra,216,39,9,18,14,1
2020-03-31,Manipur,1,0,0,0,0,0
2020-03-31,Mizoram,1,0,0,0,0,0
2020-03-31,Odisha,3,0,0,0,0,0
2020-03-31,Puducherry,1,0,0,0,0,0
2020-03-31,Punjab,41,1,3,3,0,2
2020-03-31,Rajasthan,74,3,0,15,0,0
2020-03-31,Tamil Nadu,74,4,1,7,0,0
2020-03-31,Telengana,79,1,1,8,0,0
2020-03-31,Uttarakhand,7,2,0,0,0,0
2020-03-31,Uttar Pradesh,101,14,0,19,3,0
2020-03-31,West Bengal,26,0,2,4,0,1
2020-04-01,Andhra Pradesh,83,0,0,43,-1,0
2020-04-01,Andaman and Nicobar Islands,10,1,0,0,1,0
2020-04-01,Assam,1,0,0,,,
2020-04-01,Bihar,23,0,1,8,0,0
2020-04-01,Chandigarh,16,0,0,3,0,0
2020-04-01,Chhattisgarh,9,2,0,1,2,0
2020-04-01,Delhi,152,6,2,55,0,0
2020-04-01,Goa,5,0,0,0,0,0
2020-04-01,Gujarat,82,5,6,9,2,0
2020-04-01,Haryana,43,21,0,3,0,0
2020-04-01,Himachal Pradesh,3,0,1,0,0,0
2020-04-01,Jammu and Kashmir,62,2,2,8,0,0
2020-04-01,Jharkhand,1,0,0,,,
2020-04-01,Karnataka,101,8,3,18,3,0
2020-04-01,Kerala,241,23,2,7,4,1
2020-04-01,Ladakh,13,3,0,0,0,0
2020-04-01,Madhya Pradesh,66,0,3,19,0,0
2020-04-01,Maharashtra,302,39,9,86,0,0
2020-04-01,Manipur,1,0,0,0,0,0
2020-04-01,Mizoram,1,0,0,0,0,0
2020-04-01,Odisha,4,0,0,1,0,0
2020-04-01,Puducherry,3,1,0,2,1,0
2020-04-01,Punjab,42,1,3,1,0,0
2020-04-01,Rajasthan,93,3,0,19,0,0
2020-04-01,Tamil Nadu,234,6,1,160,2,0
2020-04-01,Telengana,96,1,3,17,0,2
2020-04-01,Uttarakhand,7,2,0,0,0,0
2020-04-01,Uttar Pradesh,103,14,2,2,0,2
2020-04-01,West Bengal,37,6,3,11,6,1
2020-04-02,Andhra Pradesh,86,1,1,3,1,1
2020-04-02,Andaman and Nicobar Islands,10,0,0,0,-1,0
2020-04-02,Assam,5,0,0,4,0,0
2020-04-02,Bihar,24,0,1,1,0,0
2020-04-02,Chandigarh,16,0,0,0,0,0
2020-04-02,Chhattisgarh,9,2,0,0,0,0
2020-04-02,Delhi,219,8,4,67,2,2
2020-04-02,Goa,5,0,0,0,0,0
2020-04-02,Gujarat,87,8,7,5,3,1
2020-04-02,Haryana,43,21,0,0,0,0
2020-04-02,Himachal Pradesh,3,1,1,0,1,0
2020-04-02,Jammu and Kashmir,62,2,2,0,0,0
2020-04-02,Jharkhand,1,0,0,0,0,0
2020-04-02,Karnataka,110,9,3,9,1,0
2020-04-02,Kerala,265,25,2,24,2,0
2020-04-02,Ladakh,13,3,0,0,0,0
2020-04-02,Madhya Pradesh,99,0,6,33,0,3
2020-04-02,Maharashtra,335,42,13,33,3,4
2020-04-02,Manipur,1,0,0,0,0,0
2020-04-02,Mizoram,1,0,0,0,0,0
2020-04-02,Odisha,4,0,0,0,0,0
2020-04-02,Puducherry,3,1,0,0,0,0
2020-04-02,Punjab,46,1,4,4,0,1
2020-04-02,Rajasthan,108,3,0,15,0,0
2020-04-02,Tamil Nadu,234,6,1,0,0,0
2020-04-02,Telengana,107,1,3,11,0,0
2020-04-02,Uttarakhand,7,2,0,0,0,0
2020-04-02,Uttar Pradesh,113,14,2,10,0,0
2020-04-02,West Bengal,53,6,3,16,0,0
2020-04-03,Andhra Pradesh,132,1,1,46,0,0
2020-04-03,Andaman and Nicobar Islands,10,0,0,0,0,0
2020-04-03,Arunachal Pradesh,1,0,0,,,
2020-04-03,Assam,16,0,0,11,0,0
2020-04-03,Bihar,29,0,1,5,0,0
2020-04-03,Chandigarh,18,0,0,2,0,0
2020-04-03,Chhattisgarh,9,3,0,0,1,0
2020-04-03,Delhi,219,8,4,0,0,0
2020-04-03,Goa,6,0,0,1,0,0
2020-04-03,Gujarat,95,10,8,8,2,1
2020-04-03,Haryana,49,24,0,6,3,0
2020-04-03,Himachal Pradesh,6,1,1,3,0,0
2020-04-03,Jammu and Kashmir,75,3,2,13,1,0
2020-04-03,Jharkhand,2,0,0,1,0,0
2020-04-03,Karnataka,124,10,3,14,1,0
2020-04-03,Kerala,286,27,2,21,2,0
2020-04-03,Ladakh,14,3,0,1,0,0
2020-04-03,Madhya Pradesh,104,0,6,5,0,0
2020-04-03,Maharashtra,335,42,16,0,0,3
2020-04-03,Manipur,2,0,0,1,0,0
2020-04-03,Mizoram,1,0,0,0,0,0
2020-04-03,Odisha,5,0,0,1,0,0
2020-04-03,Puducherry,5,1,0,2,0,0
2020-04-03,Punjab,48,1,5,2,0,1
2020-04-03,Rajasthan,167,3,0,59,0,0
2020-04-03,Tamil Nadu,309,6,1,75,0,0
2020-04-03,Telengana,158,1,7,51,0,4
2020-04-03,Uttarakhand,10,2,0,3,0,0
2020-04-03,Uttar Pradesh,172,14,2,59,0,0
2020-04-03,West Bengal,63,3,3,10,-3,0
2020-04-04,Andhra Pradesh,161,1,1,29,0,0
2020-04-04,Andaman and Nicobar Islands,10,0,0,0,0,0
2020-04-04,Arunachal Pradesh,1,0,0,0,0,0
2020-04-04,Assam,24,0,0,8,0,0
2020-04-04,Bihar,30,0,1,1,0,0
2020-04-04,Chandigarh,18,0,0,0,0,0
2020-04-04,Chhattisgarh,9,3,0,0,0,0
2020-04-04,Delhi,445,15,6,226,7,2
2020-04-04,Goa,7,0,0,1,0,0
2020-04-04,Gujarat,105,14,10,10,4,2
2020-04-04,Haryana,49,24,0,0,0,0
2020-04-04,Himachal Pradesh,6,1,1,0,0,0
2020-04-04,Jammu and Kashmir,75,3,2,0,0,0
2020-04-04,Jharkhand,2,0,0,0,0,0
2020-04-04,Karnataka,128,12,3,4,2,0
2020-04-04,Kerala,295,41,2,9,14,0
2020-04-04,Ladakh,14,3,0,0,0,0
2020-04-04,Madhya Pradesh,104,0,6,0,0,0
2020-04-04,Maharashtra,490,42,24,155,0,8
2020-04-04,Manipur,2,0,0,0,0,0
2020-04-04,Mizoram,1,0,0,0,0,0
2020-04-04,Odisha,5,0,0,0,0,0
2020-04-04,Puducherry,5,1,0,0,0,0
2020-04-04,Punjab,57,1,5,9,0,0
2020-04-04,Rajasthan,200,21,0,33,18,0
2020-04-04,Tamil Nadu,411,6,2,102,0,1
2020-04-04,Telengana,159,1,7,1,0,0
2020-04-04,Uttarakhand,16,2,0,6,0,0
2020-04-04,Uttar Pradesh,174,19,2,2,5,0
2020-04-04,West Bengal,69,3,3,6,0,0
2020-04-05,Andhra Pradesh,190,1,1,29,0,0
2020-04-05,Andaman and Nicobar Islands,10,0,0,0,0,0
2020-04-05,Arunachal Pradesh,1,0,0,0,0,0
2020-04-05,Assam,26,0,0,2,0,0
2020-04-05,Bihar,30,0,1,0,0,0
2020-04-05,Chandigarh,18,0,0,0,0,0
2020-04-05,Chhattisgarh,9,3,0,0,0,0
2020-04-05,Delhi,503,18,7,58,3,1
2020-04-05,Goa,7,0,0,0,0,0
2020-04-05,Gujarat,122,18,11,17,4,1
2020-04-05,Haryana,59,25,1,10,1,1
2020-04-05,Himachal Pradesh,6,1,1,0,0,0
2020-04-05,Jammu and Kashmir,106,4,2,31,1,0
2020-04-05,Jharkhand,3,0,0,1,0,0
2020-04-05,Karnataka,144,12,4,16,0,1
2020-04-05,Kerala,306,49,2,11,8,0
2020-04-05,Ladakh,14,10,0,0,7,0
2020-04-05,Madhya Pradesh,165,0,9,61,0,3
2020-04-05,Maharashtra,490,42,24,0,0,0
2020-04-05,Manipur,2,0,0,0,0,0
2020-04-05,Mizoram,1,0,0,0,0,0
2020-04-05,Odisha,20,0,0,15,0,0
2020-04-05,Puducherry,5,1,0,0,0,0
2020-04-05,Punjab,57,1,5,0,0,0
2020-04-05,Rajasthan,200,21,0,0,0,0
2020-04-05,Tamil Nadu,485,6,3,74,0,1
2020-04-05,Telengana,269,32,7,110,31,0
2020-04-05,Uttarakhand,22,2,0,6,0,0
2020-04-05,Uttar Pradesh,227,19,2,53,0,0
2020-04-05,West Bengal,80,10,3,11,7,0
2020-04-06,Andhra Pradesh,226,1,3,36,0,2
2020-04-06,Andaman and Nicobar Islands,10,0,0,0,0,0
2020-04-06,Arunachal Pradesh,1,0,0,0,0,0
2020-04-06,Assam,26,0,0,0,0,0
2020-04-06,Bihar,32,0,1,2,0,0
2020-04-06,Chandigarh,18,0,0,0,0,0
2020-04-06,Chhattisgarh,10,8,0,1,5,0
2020-04-06,Delhi,523,19,7,20,1,0
2020-04-06,Goa,7,0,0,0,0,0
2020-04-06,Gujarat,144,22,12,22,4,1
2020-04-06,Haryana,84,25,1,25,0,0
2020-04-06,Himachal Pradesh,13,2,1,7,1,0
2020-04-06,Jammu and Kashmir,109,4,2,3,0,0
2020-04-06,Jharkhand,4,0,0,1,0,0
2020-04-06,Karnataka,151,12,4,7,0,0
2020-04-06,Kerala,314,55,2,8,6,0
2020-04-06,Ladakh,14,10,0,0,0,0
2020-04-06,Madhya Pradesh,165,0,9,0,0,0
2020-04-06,Maharashtra,748,56,45,258,14,21
2020-04-06,Manipur,2,0,0,0,0,0
2020-04-06,Mizoram,1,0,0,0,0,0
2020-04-06,Odisha,21,2,0,1,2,0
2020-04-06,Puducherry,5,1,0,0,0,0
2020-04-06,Punjab,76,4,6,19,3,1
2020-04-06,Rajasthan,274,21,0,74,0,0
2020-04-06,Tamil Nadu,571,8,5,86,2,2
2020-04-06,Telengana,321,34,7,52,2,0
2020-04-06,Uttarakhand,26,4,0,4,2,0
2020-04-06,Uttar Pradesh,305,21,3,78,2,1
2020-04-06,West Bengal,80,10,3,0,0,0
2020-04-07,Andhra Pradesh,266,1,3,40,0,0
2020-04-07,Andaman and Nicobar Islands,10,0,0,0,0,0
2020-04-07,Arunachal Pradesh,1,0,0,0,0,0
2020-04-07,Assam,26,0,0,0,0,0
2020-04-07,Bihar,32,0,1,0,0,0
2020-04-07,Chandigarh,18,7,0,0,7,0
2020-04-07,Chhattisgarh,10,9,0,0,1,0
2020-04-07,Delhi,576,21,7,53,2,0
2020-04-07,Goa,7,0,0,0,0,0
2020-04-07,Gujarat,165,25,13,21,3,1
2020-04-07,Haryana,90,25,1,6,0,0
2020-04-07,Himachal Pradesh,13,2,1,0,0,0
2020-04-07,Jammu and Kashmir,116,4,2,7,0,0
2020-04-07,Jharkhand,4,0,0,0,0,0
2020-04-07,Karnataka,175,25,4,24,13,0
2020-04-07,Kerala,327,58,2,13,3,0
2020-04-07,Ladakh,14,10,0,0,0,0
2020-04-07,Madhya Pradesh,229,0,13,64,0,4
2020-04-07,Maharashtra,868,56,48,120,0,3
2020-04-07,Manipur,2,0,0,0,0,0
2020-04-07,Mizoram,1,0,0,0,0,0
2020-04-07,Odisha,42,2,1,21,0,1
2020-04-07,Puducherry,5,1,0,0,0,0
2020-04-07,Punjab,91,4,7,15,0,1
2020-04-07,Rajasthan,288,21,3,14,0,3
2020-04-07,Tamil Nadu,621,8,5,50,0,0
2020-04-07,Telengana,364,35,7,43,1,0
2020-04-07,Tripura,1,0,0,,,
2020-04-07,Uttarakhand,31,5,0,5,1,0
2020-04-07,Uttar Pradesh,305,21,3,0,0,0
2020-04-07,West Bengal,91,13,3,11,3,0
2020-04-08,Andhra Pradesh,305,5,4,39,4,1
2020-04-08,Andaman and Nicobar Islands,10,0,0,0,0,0
2020-04-08,Arunachal Pradesh,1,0,0,0,0,0
2020-04-08,Assam,27,0,0,1,0,0
2020-04-08,Bihar,38,0,1,6,0,0
2020-04-08,Chandigarh,18,7,0,0,0,0
2020-04-08,Chhattisgarh,10,9,0,0,0,0
2020-04-08,Delhi,576,21,9,0,0,2
2020-04-08,Goa,7,0,0,0,0,0
2020-04-08,Gujarat,165,25,13,0,0,0
2020-04-08,Haryana,147,28,3,57,3,2
2020-04-08,Himachal Pradesh,18,2,1,5,0,0
2020-04-08,Jammu and Kashmir,116,4,2,0,0,0
2020-04-08,Jharkhand,4,0,0,0,0,0
2020-04-08,Karnataka,175,25,4,0,0,0
2020-04-08,Kerala,336,70,2,9,12,0
2020-04-08,Ladakh,14,10,0,0,0,0
2020-04-08,Madhya Pradesh,229,0,13,0,0,0
2020-04-08,Maharashtra,1018,79,64,150,23,16
2020-04-08,Manipur,2,0,0,0,0,0
2020-04-08,Mizoram,1,0,0,0,0,0
2020-04-08,Odisha,42,2,1,0,0,0
2020-04-08,Puducherry,5,1,0,0,0,0
2020-04-08,Punjab,91,4,7,0,0,0
2020-04-08,Rajasthan,328,21,3,40,0,0
2020-04-08,Tamil Nadu,690,19,7,69,11,2
2020-04-08,Telengana,427,35,7,63,0,0
2020-04-08,Tripura,1,0,0,0,0,0
2020-04-08,Uttarakhand,31,5,0,0,0,0
2020-04-08,Uttar Pradesh,343,26,3,38,5,0
2020-04-08,West Bengal,99,13,5,8,0,2
2020-04-09,Andhra Pradesh,348,6,4,43,1,0
2020-04-09,Andaman and Nicobar Islands,11,0,0,1,0,0
2020-04-09,Arunachal Pradesh,1,0,0,0,0,0
2020-04-09,Assam,28,0,0,1,0,0
2020-04-09,Bihar,39,0,1,1,0,0
2020-04-09,Chandigarh,18,7,0,0,0,0
2020-04-09,Chhattisgarh,10,9,0,0,0,0
2020-04-09,Delhi,669,21,9,93,0,0
2020-04-09,Goa,7,0,0,0,0,0
2020-04-09,Gujarat,179,25,16,14,0,3
2020-04-09,Haryana,169,29,3,22,1,0
2020-04-09,Himachal Pradesh,18,2,1,0,0,0
2020-04-09,Jammu and Kashmir,158,4,4,42,0,2
2020-04-09,Jharkhand,13,0,0,9,0,0
2020-04-09,Karnataka,181,28,5,6,3,1
2020-04-09,Kerala,345,83,2,9,13,0
2020-04-09,Ladakh,14,10,0,0,0,0
2020-04-09,Madhya Pradesh,259,0,16,30,0,3
2020-04-09,Maharashtra,1135,117,72,117,38,8
2020-04-09,Manipur,2,1,0,0,1,0
2020-04-09,Mizoram,1,0,0,0,0,0
2020-04-09,Odisha,42,2,1,0,0,0
2020-04-09,Puducherry,5,1,0,0,0,0
2020-04-09,Punjab,101,4,8,10,0,1
2020-04-09,Rajasthan,383,21,3,55,0,0
2020-04-09,Tamil Nadu,738,21,8,48,2,1
2020-04-09,Telengana,442,35,7,15,0,0
2020-04-09,Tripura,1,0,0,0,0,0
2020-04-09,Uttarakhand,35,5,0,4,0,0
2020-04-09,Uttar Pradesh,410,31,4,67,5,1
2020-04-09,West Bengal,103,16,5,4,3,0
2020-04-10,Andhra Pradesh,363,7,6,15,1,2
2020-04-10,Andaman and Nicobar Islands,11,0,0,0,0,0
2020-04-10,Arunachal Pradesh,1,0,0,0,0,0
2020-04-10,Assam,29,0,0,1,0,0
2020-04-10,Bihar,60,0,1,21,0,0
2020-04-10,Chandigarh,18,7,0,0,0,0
2020-04-10,Chhattisgarh,10,9,0,0,0,0
2020-04-10,Delhi,898,25,13,229,4,4
2020-04-10,Goa,7,1,0,0,1,0
2020-04-10,Gujarat,241,26,17,62,1,1
2020-04-10,Haryana,169,29,3,0,0,0
2020-04-10,Himachal Pradesh,28,6,1,10,4,0
2020-04-10,Jammu and Kashmir,184,6,4,26,2,0
2020-04-10,Jharkhand,13,0,1,0,0,1
2020-04-10,Karnataka,197,30,6,16,2,1
2020-04-10,Kerala,357,96,2,12,13,0
2020-04-10,Ladakh,15,10,0,1,0,0
2020-04-10,Madhya Pradesh,259,0,16,0,0,0
2020-04-10,Maharashtra,1364,125,97,229,8,25
2020-04-10,Manipur,2,1,0,0,0,0
2020-04-10,Mizoram,1,0,0,0,0,0
2020-04-10,Odisha,44,2,1,2,0,0
2020-04-10,Puducherry,5,1,0,0,0,0
2020-04-10,Punjab,132,5,11,31,1,3
2020-04-10,Rajasthan,463,21,3,80,0,0
2020-04-10,Tamil Nadu,834,21,8,96,0,0
2020-04-10,Telengana,473,35,7,31,0,0
2020-04-10,Tripura,1,0,0,0,0,0
2020-04-10,Uttarakhand,35,5,0,0,0,0
2020-04-10,Uttar Pradesh,431,32,4,21,1,0
2020-04-10,West Bengal,116,16,5,13,0,0
2020-04-11,Andhra Pradesh,381,11,6,18,4,0
2020-04-11,Andaman and Nicobar Islands,11,0,0,0,0,0
2020-04-11,Arunachal Pradesh,1,0,0,0,0,0
2020-04-11,Assam,29,0,1,0,0,1
2020-04-11,Bihar,60,0,1,0,0,0
2020-04-11,Chandigarh,18,7,0,0,0,0
2020-04-11,Chhattisgarh,18,9,0,8,0,0
2020-04-11,Delhi,903,25,14,5,0,1
2020-04-11,Goa,7,1,0,0,0,0
2020-04-11,Gujarat,308,31,19,67,5,2
2020-04-11,Haryana,177,29,3,8,0,0
2020-04-11,Himachal Pradesh,28,6,1,0,0,0
2020-04-11,Jammu and Kashmir,207,6,4,23,0,0
2020-04-11,Jharkhand,17,0,1,4,0,0
2020-04-11,Karnataka,214,37,6,17,7,0
2020-04-11,Kerala,364,123,2,7,27,0
2020-04-11,Ladakh,15,10,0,0,0,0
2020-04-11,Madhya Pradesh,443,0,33,184,0,17
2020-04-11,Maharashtra,1574,188,110,210,63,13
2020-04-11,Manipur,2,1,0,0,0,0
2020-04-11,Mizoram,1,0,0,0,0,0
2020-04-11,Odisha,48,2,1,4,0,0
2020-04-11,Puducherry,7,1,0,2,0,0
2020-04-11,Punjab,132,5,11,0,0,0
2020-04-11,Rajasthan,553,21,3,90,0,0
2020-04-11,Tamil Nadu,911,44,8,77,23,0
2020-04-11,Telengana,504,43,9,31,8,2
2020-04-11,Tripura,2,0,0,1,0,0
2020-04-11,Uttarakhand,35,5,0,0,0,0
2020-04-11,Uttar Pradesh,433,32,4,2,0,0
2020-04-11,West Bengal,126,16,5,10,0,0
2020-04-12,Andhra Pradesh,381,11,6,0,0,0
2020-04-12,Andaman and Nicobar Islands,11,10,0,0,10,0
2020-04-12,Arunachal Pradesh,1,0,0,0,0,0
2020-04-12,Assam,29,0,1,0,0,0
2020-04-12,Bihar,64,19,1,4,19,0
2020-04-12,Chandigarh,19,7,0,1,0,0
2020-04-12,Chhattisgarh,25,10,0,7,1,0
2020-04-12,Delhi,1069,25,19,166,0,5
2020-04-12,Goa,7,5,0,0,4,0
2020-04-12,Gujarat,432,44,22,124,13,3
2020-04-12,Haryana,185,29,3,8,0,0
2020-04-12,Himachal Pradesh,32,6,1,4,0,0
2020-04-12,Jammu and Kashmir,224,6,4,17,0,0
2020-04-12,Jharkhand,17,0,1,0,0,0
2020-04-12,Karnataka,226,37,6,12,0,0
2020-04-12,Kerala,374,142,2,10,19,0
2020-04-12,Ladakh,15,10,0,0,0,0
2020-04-12,Madhya Pradesh,564,0,36,121,0,3
2020-04-12,Maharashtra,1761,208,127,187,20,17
2020-04-12,Manipur,2,1,0,0,0,0
2020-04-12,Mizoram,1,0,0,0,0,0
2020-04-12,Odisha,54,12,1,6,10,0
2020-04-12,Puducherry,7,1,0,0,0,0
2020-04-12,Punjab,151,5,11,19,0,0
2020-04-12,Rajasthan,700,21,3,147,0,0
2020-04-12,Tamil Nadu,969,44,10,58,0,2
2020-04-12,Telengana,504,43,9,0,0,0
2020-04-12,Tripura,2,0,0,0,0,0
2020-04-12,Uttarakhand,35,5,0,0,0,0
2020-04-12,Uttar Pradesh,452,45,5,19,13,1
2020-04-12,West Bengal,134,19,5,8,3,0
2020-04-13,Andhra Pradesh,432,11,7,51,0,1
2020-04-13,Andaman and Nicobar Islands,11,10,0,0,0,0
2020-04-13,Arunachal Pradesh,1,0,0,0,0,0
2020-04-13,Assam,31,0,1,2,0,0
2020-04-13,Bihar,64,26,1,0,7,0
2020-04-13,Chandigarh,21,7,0,2,0,0
2020-04-13,Chhattisgarh,31,10,0,6,0,0
2020-04-13,Delhi,1154,27,24,85,2,5
2020-04-13,Goa,7,5,0,0,0,0
2020-04-13,Gujarat,539,47,26,107,3,4
2020-04-13,Haryana,185,29,3,0,0,0
2020-04-13,Himachal Pradesh,32,13,1,0,7,0
2020-04-13,Jammu and Kashmir,245,6,4,21,0,0
2020-04-13,Jharkhand,19,0,2,2,0,1
2020-04-13,Karnataka,247,59,6,21,22,0
2020-04-13,Kerala,376,179,3,2,37,1
2020-04-13,Ladakh,15,10,0,0,0,0
2020-04-13,Madhya Pradesh,604,44,43,40,44,7
2020-04-13,Maharashtra,1985,217,149,224,9,22
2020-04-13,Manipur,2,1,0,0,0,0
2020-04-13,Mizoram,1,0,0,0,0,0
2020-04-13,Nagaland,1,0,0,,,
2020-04-13,Odisha,54,12,1,0,0,0
2020-04-13,Puducherry,7,1,0,0,0,0
2020-04-13,Punjab,167,14,11,16,9,0
2020-04-13,Rajasthan,812,21,3,112,0,0
2020-04-13,Tamil Nadu,1075,50,11,106,6,1
2020-04-13,Telengana,562,100,16,58,57,7
2020-04-13,Tripura,2,0,0,0,0,0
2020-04-13,Uttarakhand,35,5,0,0,0,0
2020-04-13,Uttar Pradesh,483,47,5,31,2,0
2020-04-13,West Bengal,152,29,7,18,10,2
2020-04-14,Andhra Pradesh,473,14,9,41,3,2
2020-04-14,Andaman and Nicobar Islands,11,10,0,0,0,0
2020-04-14,Arunachal Pradesh,1,0,0,0,0,0
2020-04-14,Assam,31,0,1,0,0,0
2020-04-14,Bihar,66,26,1,2,0,0
2020-04-14,Chandigarh,21,7,0,0,0,0
2020-04-14,Chhattisgarh,31,10,0,0,0,0
2020-04-14,Delhi,1510,30,28,356,3,4
2020-04-14,Goa,7,5,0,0,0,0
2020-04-14,Gujarat,617,55,26,78,8,0
2020-04-14,Haryana,199,34,3,14,5,0
2020-04-14,Himachal Pradesh,32,13,1,0,0,0
2020-04-14,Jammu and Kashmir,270,16,4,25,10,0
2020-04-14,Jharkhand,24,0,2,5,0,0
2020-04-14,Karnataka,258,65,9,11,6,3
2020-04-14,Kerala,379,198,3,3,19,0
2020-04-14,Ladakh,15,10,0,0,0,0
2020-04-14,Madhya Pradesh,730,51,50,126,7,7
2020-04-14,Maharashtra,2337,229,160,352,12,11
2020-04-14,Manipur,2,1,0,0,0,0
2020-04-14,Meghalaya,1,0,0,,,
2020-04-14,Mizoram,1,0,0,0,0,0
2020-04-14,Nagaland,1,0,0,0,0,0
2020-04-14,Odisha,55,18,1,1,6,0
2020-04-14,Puducherry,7,1,0,0,0,0
2020-04-14,Punjab,176,14,12,9,0,1
2020-04-14,Rajasthan,879,133,3,67,112,0
2020-04-14,Tamil Nadu,1173,58,11,98,8,0
2020-04-14,Telengana,624,100,17,62,0,1
2020-04-14,Tripura,2,0,0,0,0,0
2020-04-14,Uttarakhand,35,7,0,0,2,0
2020-04-14,Uttar Pradesh,657,49,5,174,2,0
2020-04-14,West Bengal,190,36,7,38,7,0
2020-04-15,Andaman and Nicobar Islands,11,10,0,0,0,0
2020-04-15,Andhra Pradesh,503,16,9,30,2,0
2020-04-15,Arunachal Pradesh,1,0,0,0,0,0
2020-04-15,Assam,33,0,1,2,0,0
2020-04-15,Bihar,70,29,1,4,3,0
2020-04-15,Chandigarh,21,7,0,0,0,0
2020-04-15,Chhattisgarh,33,13,0,2,3,0
2020-04-15,Delhi,1561,30,30,51,0,2
2020-04-15,Goa,7,5,0,0,0,0
2020-04-15,Gujarat,695,59,30,78,4,4
2020-04-15,Haryana,199,34,3,0,0,0
2020-04-15,Himachal Pradesh,33,13,1,1,0,0
2020-04-15,Jammu and Kashmir,278,30,4,8,14,0
2020-04-15,Jharkhand,27,0,2,3,0,0
2020-04-15,Karnataka,277,75,11,19,10,2
2020-04-15,Kerala,387,211,3,8,13,0
2020-04-15,Ladakh,17,10,0,2,0,0
2020-04-15,Madhya Pradesh,987,64,53,257,13,3
2020-04-15,Maharashtra,2687,259,178,350,30,18
2020-04-15,Manipur,2,1,0,0,0,0
2020-04-15,Meghalaya,7,0,1,6,0,1
2020-04-15,Mizoram,1,0,0,0,0,0
2020-04-15,Nagaland,0,0,0,-1,0,0
2020-04-15,Odisha,60,18,1,5,0,0
2020-04-15,Puducherry,7,1,0,0,0,0
2020-04-15,Punjab,186,14,13,10,0,1
2020-04-15,Rajasthan,1005,147,3,126,14,0
2020-04-15,Tamil Nadu,1204,81,12,31,23,1
2020-04-15,Telengana,647,120,18,23,20,1
2020-04-15,Tripura,2,0,0,0,0,0
2020-04-15,Uttarakhand,37,9,0,2,2,0
2020-04-15,Uttar Pradesh,735,51,11,78,2,6
2020-04-15,West Bengal,213,37,7,23,1,0
2020-04-16,Andaman and Nicobar Islands,11,10,0,0,0,0
2020-04-16,Andhra Pradesh,534,20,14,31,4,5
2020-04-16,Arunachal Pradesh,1,0,0,0,0,0
2020-04-16,Assam,33,5,1,0,5,0
2020-04-16,Bihar,74,29,1,4,0,0
2020-04-16,Chandigarh,21,7,0,0,0,0
2020-04-16,Chhattisgarh,33,17,0,0,4,0
2020-04-16,Delhi,1578,42,32,17,12,2
2020-04-16,Goa,7,5,0,0,0,0
2020-04-16,Gujarat,871,64,36,176,5,6
2020-04-16,Haryana,205,43,3,6,9,0
2020-04-16,Himachal Pradesh,35,16,1,2,3,0
2020-04-16,Jammu and Kashmir,300,36,4,22,6,0
2020-04-16,Jharkhand,28,0,2,1,0,0
2020-04-16,Karnataka,315,82,13,38,7,2
2020-04-16,Kerala,388,218,3,1,7,0
2020-04-16,Ladakh,17,10,0,0,0,0
2020-04-16,Madhya Pradesh,1120,64,53,133,0,0
2020-04-16,Maharashtra,2919,295,187,232,36,9
2020-04-16,Manipur,2,1,0,0,0,0
2020-04-16,Meghalaya,7,0,1,0,0,0
2020-04-16,Mizoram,1,0,0,0,0,0
2020-04-16,Nagaland,0,0,0,0,0,0
2020-04-16,Odisha,60,18,1,0,0,0
2020-04-16,Puducherry,7,1,0,0,0,0
2020-04-16,Punjab,186,27,13,0,13,0
2020-04-16,Rajasthan,1023,147,3,18,0,0
2020-04-16,Tamil Nadu,1242,118,14,38,37,2
2020-04-16,Telengana,698,120,18,51,0,0
2020-04-16,Tripura,2,1,0,0,1,0
2020-04-16,Uttarakhand,37,9,0,0,0,0
2020-04-16,Uttar Pradesh,773,68,13,38,17,2
2020-04-16,West Bengal,231,42,7,18,5,0
2020-04-17,Andaman and Nicobar Islands,11,10,0,0,0,0
2020-04-17,Andhra Pradesh,572,36,14,38,16,0
2020-04-17,Arunachal Pradesh,1,0,0,0,0,0
2020-04-17,Assam,35,5,1,2,0,0
2020-04-17,Bihar,83,37,1,9,8,0
2020-04-17,Chandigarh,21,9,0,0,2,0
2020-04-17,Chhattisgarh,36,23,0,3,6,0
2020-04-17,Delhi,1640,51,38,62,9,6
2020-04-17,Goa,7,6,0,0,1,0
2020-04-17,Gujarat,1021,74,38,150,10,2
2020-04-17,Haryana,205,43,3,0,0,0
2020-04-17,Himachal Pradesh,35,16,1,0,0,0
2020-04-17,Jammu and Kashmir,314,38,4,14,2,0
2020-04-17,Jharkhand,29,0,2,1,0,0
2020-04-17,Karnataka,353,82,13,38,0,0
2020-04-17,Kerala,395,245,3,7,27,0
2020-04-17,Ladakh,18,14,0,1,4,0
2020-04-17,Madhya Pradesh,1308,65,57,188,1,4
2020-04-17,Maharashtra,3205,300,194,286,5,7
2020-04-17,Manipur,2,1,0,0,0,0
2020-04-17,Meghalaya,9,0,1,2,0,0
2020-04-17,Mizoram,1,0,0,0,0,0
2020-04-17,Nagaland,0,0,0,0,0,0
2020-04-17,Odisha,60,19,1,0,1,0
2020-04-17,Puducherry,7,1,0,0,0,0
2020-04-17,Punjab,186,27,13,0,0,0
2020-04-17,Rajasthan,1131,164,11,108,17,8
2020-04-17,Tamil Nadu,1267,180,15,25,62,1
2020-04-17,Telengana,743,186,18,45,66,0
2020-04-17,Tripura,2,1,0,0,0,0
2020-04-17,Uttarakhand,37,9,0,0,0,0
2020-04-17,Uttar Pradesh,846,74,14,73,6,1
2020-04-17,West Bengal,255,51,10,24,9,3
2020-04-18,Andaman and Nicobar Islands,12,11,0,1,1,0
2020-04-18,Andhra Pradesh,603,42,15,31,6,1
2020-04-18,Arunachal Pradesh,1,0,0,0,0,0
2020-04-18,Assam,35,9,1,0,4,0
2020-04-18,Bihar,85,37,2,2,0,1
2020-04-18,Chandigarh,21,9,0,0,0,0
2020-04-18,Chhattisgarh,36,24,0,0,1,0
2020-04-18,Delhi,1707,72,42,67,21,4
2020-04-18,Goa,7,6,0,0,0,0
2020-04-18,Gujarat,1272,88,48,251,14,10
2020-04-18,Haryana,225,43,3,20,0,0
2020-04-18,Himachal Pradesh,38,16,1,3,0,0
2020-04-18,Jammu and Kashmir,328,42,5,14,4,1
2020-04-18,Jharkhand,33,0,2,4,0,0
2020-04-18,Karnataka,371,92,13,18,10,0
2020-04-18,Kerala,396,255,3,1,10,0
2020-04-18,Ladakh,18,14,0,0,0,0
2020-04-18,Madhya Pradesh,1355,69,69,47,4,12
2020-04-18,Maharashtra,3323,331,201,118,31,7
2020-04-18,Manipur,2,1,0,0,0,0
2020-04-18,Meghalaya,11,0,1,2,0,0
2020-04-18,Mizoram,1,0,0,0,0,0
2020-04-18,Nagaland,0,0,0,0,0,0
2020-04-18,Odisha,60,21,1,0,2,0
2020-04-18,Puducherry,7,3,0,0,2,0
2020-04-18,Punjab,202,27,13,16,0,0
2020-04-18,Rajasthan,1229,183,11,98,19,0
2020-04-18,Tamil Nadu,1323,283,15,56,103,0
2020-04-18,Telengana,791,186,18,48,0,0
2020-04-18,Tripura,2,1,0,0,0,0
2020-04-18,Uttarakhand,42,9,0,5,0,0
2020-04-18,Uttar Pradesh,969,86,14,123,12,0
2020-04-18,West Bengal,287,55,10,32,4,0
2020-04-19,Andaman and Nicobar Islands,14,11,0,2,0,0
2020-04-19,Andhra Pradesh,603,42,15,0,0,0
2020-04-19,Arunachal Pradesh,1,0,0,0,0,0
2020-04-19,Assam,35,12,1,0,3,0
2020-04-19,Bihar,86,37,2,1,0,0
2020-04-19,Chandigarh,23,10,0,2,1,0
2020-04-19,Chhattisgarh,36,24,0,0,0,0
2020-04-19,Delhi,1893,72,43,186,0,1
2020-04-19,Goa,7,6,0,0,0,0
2020-04-19,Gujarat,1604,94,58,332,6,10
2020-04-19,Haryana,233,87,3,8,44,0
2020-04-19,Himachal Pradesh,39,16,1,1,0,0
2020-04-19,Jammu and Kashmir,341,51,5,13,9,0
2020-04-19,Jharkhand,35,0,2,2,0,0
2020-04-19,Karnataka,384,104,14,13,12,1
2020-04-19,Kerala,400,257,3,4,2,0
2020-04-19,Ladakh,18,14,0,0,0,0
2020-04-19,Madhya Pradesh,1407,127,70,52,58,1
2020-04-19,Maharashtra,3651,365,211,328,34,10
2020-04-19,Manipur,2,1,0,0,0,0
2020-04-19,Meghalaya,11,0,1,0,0,0
2020-04-19,Mizoram,1,0,0,0,0,0
2020-04-19,Nagaland,0,0,0,0,0,0
2020-04-19,Odisha,61,24,1,1,3,0
2020-04-19,Puducherry,7,3,0,0,0,0
2020-04-19,Punjab,219,31,16,17,4,3
2020-04-19,Rajasthan,1351,183,11,122,0,0
2020-04-19,Tamil Nadu,1372,365,15,49,82,0
2020-04-19,Telengana,844,186,18,53,0,0
2020-04-19,Tripura,2,1,0,0,0,0
2020-04-19,Uttarakhand,42,9,0,0,0,0
2020-04-19,Uttar Pradesh,1084,108,17,115,22,3
2020-04-19,West Bengal,310,62,12,23,7,2
2020-04-20,Andaman and Nicobar Islands,15,11,0,1,0,0
2020-04-20,Andhra Pradesh,722,92,20,119,50,5
2020-04-20,Arunachal Pradesh,1,0,0,0,0,0
2020-04-20,Assam,35,17,1,0,5,0
2020-04-20,Bihar,96,42,2,10,5,0
2020-04-20,Chandigarh,26,13,0,3,3,0
2020-04-20,Chhattisgarh,36,25,0,0,1,0
2020-04-20,Delhi,2003,290,45,110,218,2
2020-04-20,Goa,7,7,0,0,1,0
2020-04-20,Gujarat,1851,106,67,247,12,9
2020-04-20,Haryana,233,87,3,0,0,0
2020-04-20,Himachal Pradesh,39,16,1,0,0,0
2020-04-20,Jammu and Kashmir,350,56,5,9,5,0
2020-04-20,Jharkhand,42,0,2,7,0,0
2020-04-20,Karnataka,395,111,16,11,7,2
2020-04-20,Kerala,402,270,3,2,13,0
2020-04-20,Ladakh,18,14,0,0,0,0
2020-04-20,Madhya Pradesh,1485,127,74,78,0,4
2020-04-20,Maharashtra,4203,507,223,552,142,12
2020-04-20,Manipur,2,2,0,0,1,0
2020-04-20,Meghalaya,11,0,1,0,0,0
2020-04-20,Mizoram,1,0,0,0,0,0
2020-04-20,Nagaland,0,0,0,0,0,0
2020-04-20,Odisha,68,24,1,7,0,0
2020-04-20,Puducherry,7,3,0,0,0,0
2020-04-20,Punjab,219,31,16,0,0,0
2020-04-20,Rajasthan,1478,183,14,127,0,3
2020-04-20,Tamil Nadu,1477,411,15,105,46,0
2020-04-20,Telengana,873,190,21,29,4,3
2020-04-20,Tripura,2,1,0,0,0,0
2020-04-20,Uttarakhand,44,11,0,2,2,0
2020-04-20,Uttar Pradesh,1176,129,17,92,21,0
2020-04-20,West Bengal,339,66,12,29,4,0
2020-04-21,Andaman and Nicobar Islands,16,11,0,1,0,0
2020-04-21,Andhra Pradesh,757,96,22,35,4,2
2020-04-21,Arunachal Pradesh,1,1,0,0,1,0
2020-04-21,Assam,35,19,1,0,2,0
2020-04-21,Bihar,114,42,2,18,0,0
2020-04-21,Chandigarh,26,13,0,0,0,0
2020-04-21,Chhattisgarh,36,25,0,0,0,0
2020-04-21,Delhi,2081,431,47,78,141,2
2020-04-21,Goa,7,7,0,0,0,0
2020-04-21,Gujarat,2066,131,77,215,25,10
2020-04-21,Haryana,254,127,3,21,40,0
2020-04-21,Himachal Pradesh,39,16,1,0,0,0
2020-04-21,Jammu and Kashmir,368,71,5,18,15,0
2020-04-21,Jharkhand,46,0,2,4,0,0
2020-04-21,Karnataka,415,114,17,20,3,1
2020-04-21,Kerala,408,291,3,6,21,0
2020-04-21,Ladakh,18,14,0,0,0,0
2020-04-21,Madhya Pradesh,1540,127,76,55,0,2
2020-04-21,Maharashtra,4669,572,232,466,65,9
2020-04-21,Manipur,2,2,0,0,0,0
2020-04-21,Meghalaya,11,0,1,0,0,0
2020-04-21,Mizoram,1,0,0,0,0,0
2020-04-21,Nagaland,0,0,0,0,0,0
2020-04-21,Odisha,74,24,1,6,0,0
2020-04-21,Puducherry,7,3,0,0,0,0
2020-04-21,Punjab,245,39,16,26,8,0
2020-04-21,Rajasthan,1576,205,25,98,22,11
2020-04-21,Tamil Nadu,1520,457,17,43,46,2
2020-04-21,Telengana,919,190,23,46,0,2
2020-04-21,Tripura,2,1,0,0,0,0
2020-04-21,Uttarakhand,46,18,0,2,7,0
2020-04-21,Uttar Pradesh,1294,140,20,118,11,3
2020-04-21,West Bengal,392,73,12,53,7,0
2020-04-22,Andaman and Nicobar Islands,17,11,0,1,0,0
2020-04-22,Andhra Pradesh,813,120,24,56,24,2
2020-04-22,Arunachal Pradesh,1,1,0,0,0,0
2020-04-22,Assam,35,19,1,0,0,0
2020-04-22,Bihar,126,46,2,12,4,0
2020-04-22,Chandigarh,27,14,0,1,1,0
2020-04-22,Chhattisgarh,36,26,0,0,1,0
2020-04-22,Delhi,2156,611,47,75,180,0
2020-04-22,Goa,7,7,0,0,0,0
2020-04-22,Gujarat,2272,144,95,206,13,18
2020-04-22,Haryana,254,127,3,0,0,0
2020-04-22,Himachal Pradesh,39,16,1,0,0,0
2020-04-22,Jammu and Kashmir,380,81,5,12,10,0
2020-04-22,Jharkhand,45,0,3,-1,0,1
2020-04-22,Karnataka,425,129,17,10,15,0
2020-04-22,Kerala,427,323,3,19,32,0
2020-04-22,Ladakh,18,14,0,0,0,0
2020-04-22,Madhya Pradesh,1592,148,80,52,21,4
2020-04-22,Maharashtra,5221,722,251,552,150,19
2020-04-22,Manipur,2,2,0,0,0,0
2020-04-22,Meghalaya,12,0,1,1,0,0
2020-04-22,Mizoram,1,0,0,0,0,0
2020-04-22,Odisha,82,30,1,8,6,0
2020-04-22,Puducherry,7,3,0,0,0,0
2020-04-22,Punjab,251,49,16,6,10,0
2020-04-22,Rajasthan,1801,230,25,225,25,0
2020-04-22,Tamil Nadu,1596,635,18,76,178,1
2020-04-22,Telengana,945,194,23,26,4,0
2020-04-22,Tripura,2,1,0,0,0,0
2020-04-22,Uttarakhand,46,19,0,0,1,0
2020-04-22,Uttar Pradesh,1412,165,21,118,25,1
2020-04-22,West Bengal,423,73,15,31,0,3
2020-04-23,Andaman and Nicobar Islands,18,11,0,1,0,0
2020-04-23,Andhra Pradesh,895,141,27,82,21,3
2020-04-23,Arunachal Pradesh,1,1,0,0,0,0
2020-04-23,Assam,35,19,1,0,0,0
2020-04-23,Bihar,148,46,2,22,0,0
2020-04-23,Chandigarh,27,14,0,0,0,0
2020-04-23,Chhattisgarh,36,28,0,0,2,0
2020-04-23,Delhi,2248,724,48,92,113,1
2020-04-23,Goa,7,7,0,0,0,0
2020-04-23,Gujarat,2407,179,103,135,35,8
2020-04-23,Haryana,262,140,3,8,13,0
2020-04-23,Himachal Pradesh,40,18,1,1,2,0
2020-04-23,Jammu and Kashmir,407,92,5,27,11,0
2020-04-23,Jharkhand,49,8,3,4,8,0
2020-04-23,Karnataka,443,141,17,18,12,0
2020-04-23,Kerala,438,324,3,11,1,0
2020-04-23,Ladakh,18,14,0,0,0,0
2020-04-23,Madhya Pradesh,1695,148,81,103,0,1
2020-04-23,Maharashtra,5652,789,269,431,67,18
2020-04-23,Manipur,2,2,0,0,0,0
2020-04-23,Meghalaya,12,0,1,0,0,0
2020-04-23,Mizoram,1,0,0,0,0,0
2020-04-23,Odisha,83,32,1,1,2,0
2020-04-23,Puducherry,7,3,0,0,0,0
2020-04-23,Punjab,277,65,16,26,16,0
2020-04-23,Rajasthan,1890,230,27,89,0,2
2020-04-23,Tamil Nadu,1629,662,18,33,27,0
2020-04-23,Telengana,960,197,24,15,3,1
2020-04-23,Tripura,2,1,0,0,0,0
2020-04-23,Uttarakhand,46,23,0,0,4,0
2020-04-23,Uttar Pradesh,1509,187,21,97,22,0
2020-04-23,West Bengal,456,79,15,33,6,0
2020-04-24,Andaman and Nicobar Islands,22,11,0,4,0,0
2020-04-24,Andhra Pradesh,955,145,29,60,4,2
2020-04-24,Arunachal Pradesh,1,1,0,0,0,0
2020-04-24,Assam,36,19,1,1,0,0
2020-04-24,Bihar,176,46,2,28,0,0
2020-04-24,Chandigarh,27,14,0,0,0,0
2020-04-24,Chhattisgarh,36,28,0,0,0,0
2020-04-24,Delhi,2376,808,50,128,84,2
2020-04-24,Goa,7,7,0,0,0,0
2020-04-24,Gujarat,2624,258,112,217,79,9
2020-04-24,Haryana,272,156,3,10,16,0
2020-04-24,Himachal Pradesh,40,18,1,0,0,0
2020-04-24,Jammu and Kashmir,427,92,5,20,0,0
2020-04-24,Jharkhand,55,8,3,6,0,0
2020-04-24,Karnataka,463,150,18,20,9,1
2020-04-24,Kerala,448,324,3,10,0,0
2020-04-24,Ladakh,18,14,0,0,0,0
2020-04-24,Madhya Pradesh,1852,203,83,157,55,2
2020-04-24,Maharashtra,6430,840,283,778,51,14
2020-04-24,Manipur,2,2,0,0,0,0
2020-04-24,Meghalaya,12,0,1,0,0,0
2020-04-24,Mizoram,1,0,0,0,0,0
2020-04-24,Odisha,90,33,1,7,1,0
2020-04-24,Puducherry,7,3,0,0,0,0
2020-04-24,Punjab,277,65,16,0,0,0
2020-04-24,Rajasthan,1964,230,27,74,0,0
2020-04-24,Tamil Nadu,1683,752,20,54,90,2
2020-04-24,Telengana,984,253,26,24,56,2
2020-04-24,Tripura,2,1,0,0,0,0
2020-04-24,Uttarakhand,47,24,0,1,1,0
2020-04-24,Uttar Pradesh,1604,206,24,95,19,3
2020-04-24,West Bengal,514,103,15,58,24,0
2020-04-25,Andaman and Nicobar Islands,27,11,0,5,0,0
2020-04-25,Andhra Pradesh,1061,171,31,106,26,2
2020-04-25,Arunachal Pradesh,1,1,0,0,0,0
2020-04-25,Assam,36,19,1,0,0,0
2020-04-25,Bihar,228,46,2,52,0,0
2020-04-25,Chandigarh,28,15,0,1,1,0
2020-04-25,Chhattisgarh,36,30,0,0,2,0
2020-04-25,Delhi,2514,857,53,138,49,3
2020-04-25,Goa,7,7,0,0,0,0
2020-04-25,Gujarat,2815,265,127,191,7,15
2020-04-25,Haryana,272,156,3,0,0,0
2020-04-25,Himachal Pradesh,40,18,1,0,0,0
2020-04-25,Jammu and Kashmir,454,109,5,27,17,0
2020-04-25,Jharkhand,59,9,3,4,1,0
2020-04-25,Karnataka,489,153,18,26,3,0
2020-04-25,Kerala,451,331,4,3,7,1
2020-04-25,Ladakh,20,14,0,2,0,0
2020-04-25,Madhya Pradesh,1952,210,92,100,7,9
2020-04-25,Maharashtra,6817,957,301,387,117,18
2020-04-25,Manipur,2,2,0,0,0,0
2020-04-25,Meghalaya,12,0,1,0,0,0
2020-04-25,Mizoram,1,0,0,0,0,0
2020-04-25,Odisha,94,33,1,4,0,0
2020-04-25,Puducherry,7,3,0,0,0,0
2020-04-25,Punjab,298,67,17,21,2,1
2020-04-25,Rajasthan,2034,230,27,70,0,0
2020-04-25,Tamil Nadu,1755,866,22,72,114,2
2020-04-25,Telengana,984,253,26,0,0,0
2020-04-25,Tripura,2,1,0,0,0,0
2020-04-25,Uttarakhand,48,25,0,1,1,0
2020-04-25,Uttar Pradesh,1778,248,26,174,42,2
2020-04-25,West Bengal,571,103,18,57,0,3
2020-04-26,Andaman and Nicobar Islands,33,11,0,6,0,0
2020-04-26,Andhra Pradesh,1097,231,31,36,60,0
2020-04-26,Arunachal Pradesh,1,1,0,0,0,0
2020-04-26,Assam,36,19,1,0,0,0
2020-04-26,Bihar,251,46,2,23,0,0
2020-04-26,Chandigarh,30,17,0,2,2,0
2020-04-26,Chhattisgarh,37,32,0,1,2,0
2020-04-26,Delhi,2625,869,54,111,12,1
2020-04-26,Goa,7,7,0,0,0,0
2020-04-26,Gujarat,3071,282,133,256,17,6
2020-04-26,Haryana,289,176,3,17,20,0
2020-04-26,Himachal Pradesh,40,22,1,0,4,0
2020-04-26,Jammu and Kashmir,494,112,6,40,3,1
2020-04-26,Jharkhand,67,13,3,8,4,0
2020-04-26,Karnataka,501,177,18,12,24,0
2020-04-26,Kerala,458,338,4,7,7,0
2020-04-26,Ladakh,20,14,0,0,0,0
2020-04-26,Madhya Pradesh,2096,210,99,144,0,7
2020-04-26,Maharashtra,7628,1076,323,811,119,22
2020-04-26,Manipur,2,2,0,0,0,0
2020-04-26,Meghalaya,12,0,1,0,0,0
2020-04-26,Mizoram,1,0,0,0,0,0
2020-04-26,Odisha,103,34,1,9,1,0
2020-04-26,Puducherry,7,3,0,0,0,0
2020-04-26,Punjab,298,67,17,0,0,0
2020-04-26,Rajasthan,2083,493,33,49,263,6
2020-04-26,Tamil Nadu,1821,960,23,66,94,1
2020-04-26,Telengana,991,280,26,7,27,0
2020-04-26,Tripura,2,2,0,0,1,0
2020-04-26,Uttarakhand,50,26,0,2,1,0
2020-04-26,Uttar Pradesh,1843,289,29,65,41,3
2020-04-26,West Bengal,611,105,18,40,2,0
2020-04-27,Andaman and Nicobar Islands,33,11,0,0,0,0
2020-04-27,Andhra Pradesh,1177,235,31,80,4,0
2020-04-27,Arunachal Pradesh,1,1,0,0,0,0
2020-04-27,Assam,36,27,1,0,8,0
2020-04-27,Bihar,277,56,2,26,10,0
2020-04-27,Chandigarh,30,17,0,0,0,0
2020-04-27,Chhattisgarh,37,32,0,0,0,0
2020-04-27,Delhi,2918,877,54,293,8,0
2020-04-27,Goa,7,7,0,0,0,0
2020-04-27,Gujarat,3301,313,151,230,31,18
2020-04-27,Haryana,289,176,3,0,0,0
2020-04-27,Himachal Pradesh,40,22,1,0,0,0
2020-04-27,Jammu and Kashmir,523,137,6,29,25,0
2020-04-27,Jharkhand,82,13,3,15,0,0
2020-04-27,Karnataka,511,188,20,10,11,2
2020-04-27,Kerala,469,342,4,11,4,0
2020-04-27,Ladakh,20,14,0,0,0,0
2020-04-27,Madhya Pradesh,2168,302,106,72,92,7
2020-04-27,Maharashtra,8068,1188,342,440,112,19
2020-04-27,Manipur,2,2,0,0,0,0
2020-04-27,Meghalaya,12,0,1,0,0,0
2020-04-27,Mizoram,1,0,0,0,0,0
2020-04-27,Odisha,108,35,1,5,1,0
2020-04-27,Puducherry,8,3,0,1,0,0
2020-04-27,Punjab,313,71,18,15,4,1
2020-04-27,Rajasthan,2185,518,41,102,25,8
2020-04-27,Tamil Nadu,1885,1020,24,64,60,1
2020-04-27,Telengana,1002,280,26,11,0,0
2020-04-27,Tripura,2,2,0,0,0,0
2020-04-27,Uttarakhand,51,33,0,1,7,0
2020-04-27,Uttar Pradesh,1955,335,31,112,46,2
2020-04-27,West Bengal,649,105,20,38,0,2
2020-04-28,Andaman and Nicobar Islands,33,11,0,0,0,0
2020-04-28,Andhra Pradesh,1259,258,31,82,23,0
2020-04-28,Arunachal Pradesh,1,1,0,0,0,0
2020-04-28,Assam,38,27,1,2,0,0
2020-04-28,Bihar,346,57,2,69,1,0
2020-04-28,Chandigarh,40,17,0,10,0,0
2020-04-28,Chhattisgarh,37,32,0,0,0,0
2020-04-28,Delhi,3108,877,54,190,0,0
2020-04-28,Goa,7,7,0,0,0,0
2020-04-28,Gujarat,3548,394,162,247,81,11
2020-04-28,Haryana,296,183,3,7,7,0
2020-04-28,Himachal Pradesh,40,22,1,0,0,0
2020-04-28,Jammu and Kashmir,546,164,7,23,27,1
2020-04-28,Jharkhand,103,17,3,21,4,0
2020-04-28,Karnataka,520,198,20,9,10,0
2020-04-28,Kerala,482,355,4,13,13,0
2020-04-28,Ladakh,22,16,0,2,2,0
2020-04-28,Madhya Pradesh,2368,361,113,200,59,7
2020-04-28,Maharashtra,8590,1282,369,522,94,27
2020-04-28,Manipur,2,2,0,0,0,0
2020-04-28,Meghalaya,12,0,1,0,0,0
2020-04-28,Mizoram,1,0,0,0,0,0
2020-04-28,Odisha,118,37,1,10,2,0
2020-04-28,Puducherry,8,3,0,0,0,0
2020-04-28,Punjab,313,71,18,0,0,0
2020-04-28,Rajasthan,2262,669,46,77,151,5
2020-04-28,Tamil Nadu,1937,1101,24,52,81,0
2020-04-28,Telengana,1004,321,26,2,41,0
2020-04-28,Tripura,2,2,0,0,0,0
2020-04-28,Uttarakhand,51,33,0,0,0,0
2020-04-28,Uttar Pradesh,2043,400,31,88,65,0
2020-04-28,West Bengal,697,109,20,48,4,0
2020-04-29,Andaman and Nicobar Islands,33,15,0,0,4,0
2020-04-29,Andhra Pradesh,1332,287,31,73,29,0
2020-04-29,Arunachal Pradesh,1,1,0,0,0,0
2020-04-29,Assam,38,27,1,0,0,0
2020-04-29,Bihar,383,64,2,37,7,0
2020-04-29,Chandigarh,56,17,0,16,0,0
2020-04-29,Chhattisgarh,38,34,0,1,2,0
2020-04-29,Delhi,3314,1078,54,206,201,0
2020-04-29,Goa,7,7,0,0,0,0
2020-04-29,Gujarat,3774,434,181,226,40,19
2020-04-29,Haryana,310,209,3,14,26,0
2020-04-29,Himachal Pradesh,40,25,1,0,3,0
2020-04-29,Jammu and Kashmir,565,176,8,19,12,1
2020-04-29,Jharkhand,105,19,3,2,2,0
2020-04-29,Karnataka,532,215,20,12,17,0
2020-04-29,Kerala,486,359,4,4,4,0
2020-04-29,Ladakh,22,16,0,0,0,0
2020-04-29,Madhya Pradesh,2561,377,119,193,16,6
2020-04-29,Maharashtra,9318,1388,400,728,106,31
2020-04-29,Manipur,2,2,0,0,0,0
2020-04-29,Meghalaya,12,0,1,0,0,0
2020-04-29,Mizoram,1,0,0,0,0,0
2020-04-29,Odisha,119,38,1,1,1,0
2020-04-29,Puducherry,8,3,0,0,0,0
2020-04-29,Punjab,322,71,19,9,0,1
2020-04-29,Rajasthan,2364,768,51,102,99,5
2020-04-29,Tamil Nadu,2058,1168,25,121,67,1
2020-04-29,Telengana,1012,367,26,8,46,0
2020-04-29,Tripura,2,2,0,0,0,0
2020-04-29,Uttarakhand,54,34,0,3,1,0
2020-04-29,Uttar Pradesh,2115,477,36,72,77,5
2020-04-29,West Bengal,725,119,22,28,10,2
2020-04-30,Andaman and Nicobar Islands,33,15,0,0,0,0
2020-04-30,Andhra Pradesh,1403,321,31,71,34,0
2020-04-30,Arunachal Pradesh,1,1,0,0,0,0
2020-04-30,Assam,42,29,1,4,2,0
2020-04-30,Bihar,403,65,2,20,1,0
2020-04-30,Chandigarh,56,17,0,0,0,0
2020-04-30,Chhattisgarh,38,36,0,0,2,0
2020-04-30,Delhi,3439,1092,56,125,14,2
2020-04-30,Goa,7,7,0,0,0,0
2020-04-30,Gujarat,4082,527,197,308,93,16
2020-04-30,Haryana,310,209,3,0,0,0
2020-04-30,Himachal Pradesh,40,25,1,0,0,0
2020-04-30,Jammu and Kashmir,581,192,8,16,16,0
2020-04-30,Jharkhand,107,19,3,2,0,0
2020-04-30,Karnataka,557,223,21,25,8,1
2020-04-30,Kerala,496,369,4,10,10,0
2020-04-30,Ladakh,22,16,0,0,0,0
2020-04-30,Madhya Pradesh,2660,461,130,99,84,11
2020-04-30,Maharashtra,9915,1593,432,597,205,32
2020-04-30,Manipur,2,2,0,0,0,0
2020-04-30,Meghalaya,12,0,1,0,0,0
2020-04-30,Mizoram,1,0,0,0,0,0
2020-04-30,Odisha,128,39,1,9,1,0
2020-04-30,Puducherry,8,5,0,0,2,0
2020-04-30,Punjab,357,90,19,35,19,0
2020-04-30,Rajasthan,2438,768,51,74,0,0
2020-04-30,Tamil Nadu,2162,1210,27,104,42,2
2020-04-30,Telengana,1012,367,26,0,0,0
2020-04-30,Tripura,2,2,0,0,0,0
2020-04-30,Uttarakhand,55,36,0,1,2,0
2020-04-30,Uttar Pradesh,2203,513,39,88,36,3
2020-04-30,West Bengal,758,124,22,33,5,0
2020-05-01,Andaman and Nicobar Islands,33,16,0,0,1,0
2020-05-01,Andhra Pradesh,1463,403,33,60,82,2
2020-05-01,Arunachal Pradesh,1,1,0,0,0,0
2020-05-01,Assam,42,29,1,0,0,0
2020-05-01,Bihar,426,82,2,23,17,0
2020-05-01,Chandigarh,56,17,0,0,0,0
2020-05-01,Chhattisgarh,40,36,0,2,0,0
2020-05-01,Delhi,3515,1094,59,76,2,3
2020-05-01,Goa,7,7,0,0,0,0
2020-05-01,Gujarat,4395,613,214,313,86,17
2020-05-01,Haryana,313,209,3,3,0,0
2020-05-01,Himachal Pradesh,40,28,1,0,3,0
2020-05-01,Jammu and Kashmir,614,216,8,33,24,0
2020-05-01,Jharkhand,111,20,3,4,1,0
2020-05-01,Karnataka,576,235,22,19,12,1
2020-05-01,Kerala,497,383,4,1,14,0
2020-05-01,Ladakh,22,16,0,0,0,0
2020-05-01,Madhya Pradesh,2719,482,137,59,21,7
2020-05-01,Maharashtra,10498,1773,459,583,180,27
2020-05-01,Manipur,2,2,0,0,0,0
2020-05-01,Meghalaya,12,0,1,0,0,0
2020-05-01,Mizoram,1,0,0,0,0,0
2020-05-01,Odisha,143,41,1,15,2,0
2020-05-01,Puducherry,8,5,0,0,0,0
2020-05-01,Punjab,357,90,19,0,0,0
2020-05-01,Rajasthan,2584,836,58,146,68,7
2020-05-01,Tamil Nadu,2323,1258,27,161,48,0
2020-05-01,Telengana,1039,441,26,27,74,0
2020-05-01,Tripura,2,2,0,0,0,0
2020-05-01,Uttarakhand,57,36,0,2,0,0
2020-05-01,Uttar Pradesh,2281,555,41,78,42,2
2020-05-01,West Bengal,795,139,33,37,15,11
2020-05-02,Andaman and Nicobar Islands,33,16,0,0,0,0
2020-05-02,Andhra Pradesh,1525,441,33,62,38,0
2020-05-02,Arunachal Pradesh,1,1,0,0,0,0
2020-05-02,Assam,43,32,1,1,3,0
2020-05-02,Bihar,471,98,3,45,16,1
2020-05-02,Chandigarh,88,17,0,32,0,0
2020-05-02,Chhattisgarh,43,36,0,3,0,0
2020-05-02,Delhi,3738,1167,61,223,73,2
2020-05-02,Goa,7,7,0,0,0,0
2020-05-02,Gujarat,4721,735,236,326,122,22
2020-05-02,Haryana,360,227,4,47,18,1
2020-05-02,Himachal Pradesh,40,30,1,0,2,0
2020-05-02,Jammu and Kashmir,639,247,8,25,31,0
2020-05-02,Jharkhand,111,20,3,0,0,0
2020-05-02,Karnataka,598,255,25,22,20,3
2020-05-02,Kerala,498,392,4,1,9,0
2020-05-02,Ladakh,22,17,0,0,1,0
2020-05-02,Madhya Pradesh,2719,524,145,0,42,8
2020-05-02,Maharashtra,11506,1879,485,1008,106,26
2020-05-02,Manipur,2,2,0,0,0,0
2020-05-02,Meghalaya,12,0,1,0,0,0
2020-05-02,Mizoram,1,0,0,0,0,0
2020-05-02,Odisha,154,55,1,11,14,0
2020-05-02,Puducherry,8,5,0,0,0,0
2020-05-02,Punjab,772,112,20,415,22,1
2020-05-02,Rajasthan,2666,1116,62,82,280,4
2020-05-02,Tamil Nadu,2526,1312,28,203,54,1
2020-05-02,Telengana,1057,441,26,18,0,0
2020-05-02,Tripura,2,2,0,0,0,0
2020-05-02,Uttarakhand,58,37,0,1,1,0
2020-05-02,Uttar Pradesh,2455,656,43,174,101,2
2020-05-02,West Bengal,795,139,33,0,0,0
2020-05-03,Andaman and Nicobar Islands,33,17,0,0,1,0
2020-05-03,Andhra Pradesh,1583,488,33,58,47,0
2020-05-03,Arunachal Pradesh,1,1,0,0,0,0
2020-05-03,Assam,43,32,1,0,0,0
2020-05-03,Bihar,482,117,4,11,19,1
2020-05-03,Chandigarh,94,19,0,6,2,0
2020-05-03,Chhattisgarh,43,36,0,0,0,0
2020-05-03,Delhi,4122,1256,64,384,89,3
2020-05-03,Goa,7,7,0,0,0,0
2020-05-03,Gujarat,5055,896,262,334,161,26
2020-05-03,Haryana,394,227,4,34,0,0
2020-05-03,Himachal Pradesh,40,33,1,0,3,0
2020-05-03,Jammu and Kashmir,666,254,8,27,7,0
2020-05-03,Jharkhand,115,22,3,4,2,0
2020-05-03,Karnataka,606,282,25,8,27,0
2020-05-03,Kerala,500,400,4,2,8,0
2020-05-03,Ladakh,40,17,0,18,0,0
2020-05-03,Madhya Pradesh,2846,798,156,127,274,11
2020-05-03,Maharashtra,12296,2000,521,790,121,36
2020-05-03,Manipur,2,2,0,0,0,0
2020-05-03,Meghalaya,12,0,1,0,0,0
2020-05-03,Mizoram,1,0,0,0,0,0
2020-05-03,Odisha,160,56,1,6,1,0
2020-05-03,Puducherry,8,5,0,0,0,0
2020-05-03,Punjab,772,112,20,0,0,0
2020-05-03,Rajasthan,2772,1121,65,106,5,3
2020-05-03,Tamil Nadu,2757,1341,29,231,29,1
2020-05-03,Telengana,1063,458,28,6,17,2
2020-05-03,Tripura,4,2,0,2,0,0
2020-05-03,Uttarakhand,59,39,0,1,2,0
2020-05-03,Uttar Pradesh,2626,698,43,171,42,0
2020-05-03,West Bengal,922,151,33,127,12,0
2020-05-04,Andaman and Nicobar Islands,33,32,0,0,15,0
2020-05-04,Andhra Pradesh,1650,524,36,67,36,3
2020-05-04,Arunachal Pradesh,1,1,0,0,0,0
2020-05-04,Assam,43,32,1,0,0,0
2020-05-04,Bihar,517,125,4,35,8,0
2020-05-04,Chandigarh,94,19,0,0,0,0
2020-05-04,Chhattisgarh,57,36,0,14,0,0
2020-05-04,Delhi,4549,1362,64,427,106,0
2020-05-04,Goa,7,7,0,0,0,0
2020-05-04,Gujarat,5428,1042,290,373,146,28
2020-05-04,Haryana,442,245,5,48,18,1
2020-05-04,Himachal Pradesh,40,34,1,0,1,0
2020-05-04,Jammu and Kashmir,701,287,8,35,33,0
2020-05-04,Jharkhand,115,22,3,0,0,0
2020-05-04,Karnataka,642,304,26,36,22,1
2020-05-04,Kerala,500,401,4,0,1,0
2020-05-04,Ladakh,41,17,0,1,0,0
2020-05-04,Madhya Pradesh,2942,798,165,96,0,9
2020-05-04,Maharashtra,12974,2115,548,678,115,27
2020-05-04,Manipur,2,2,0,0,0,0
2020-05-04,Meghalaya,12,0,1,0,0,0
2020-05-04,Mizoram,1,0,0,0,0,0
2020-05-04,Odisha,163,60,1,3,4,0
2020-05-04,Puducherry,8,5,0,0,0,0
2020-05-04,Punjab,1102,117,21,330,5,1
2020-05-04,Rajasthan,2886,1356,71,114,235,6
2020-05-04,Tamil Nadu,3023,1379,30,266,38,1
2020-05-04,Telengana,1082,490,29,19,32,1
2020-05-04,Tripura,16,2,0,12,0,0
2020-05-04,Uttarakhand,60,39,1,1,0,1
2020-05-04,Uttar Pradesh,2742,758,45,116,60,2
2020-05-04,West Bengal,963,151,35,41,0,2
2020-05-05,Andaman and Nicobar Islands,33,32,0,0,0,0
2020-05-05,Andhra Pradesh,1717,589,36,67,65,0
2020-05-05,Arunachal Pradesh,1,1,0,0,0,0
2020-05-05,Assam,43,32,1,0,0,0
2020-05-05,Bihar,529,130,4,12,5,0
2020-05-05,Chandigarh,102,21,1,8,2,1
2020-05-05,Chhattisgarh,58,36,0,1,0,0
2020-05-05,Delhi,4898,1431,64,349,69,0
2020-05-05,Goa,7,7,0,0,0,0
2020-05-05,Gujarat,5804,1195,319,376,153,29
2020-05-05,Haryana,517,254,6,75,9,1
2020-05-05,Himachal Pradesh,41,38,1,1,4,0
2020-05-05,Jammu and Kashmir,726,303,8,25,16,0
2020-05-05,Jharkhand,115,27,3,0,5,0
2020-05-05,Karnataka,659,324,28,17,20,2
2020-05-05,Kerala,500,462,4,0,61,0
2020-05-05,Ladakh,41,17,0,0,0,0
2020-05-05,Madhya Pradesh,3049,1000,176,107,202,11
2020-05-05,Maharashtra,14541,2465,583,1567,350,35
2020-05-05,Manipur,2,2,0,0,0,0
2020-05-05,Meghalaya,12,10,1,0,10,0
2020-05-05,Mizoram,1,0,0,0,0,0
2020-05-05,Odisha,170,60,1,7,0,0
2020-05-05,Puducherry,9,6,0,1,1,0
2020-05-05,Punjab,1233,128,23,131,11,2
2020-05-05,Rajasthan,3061,1394,77,175,38,6
2020-05-05,Tamil Nadu,3550,1409,31,527,30,1
2020-05-05,Telengana,1085,585,29,3,95,0
2020-05-05,Tripura,29,2,0,13,0,0
2020-05-05,Uttarakhand,60,39,1,0,0,0
2020-05-05,Uttar Pradesh,2859,944,53,117,186,8
2020-05-05,West Bengal,1259,218,133,296,67,98
2020-05-06,Andaman and Nicobar Islands,33,32,0,0,0,0
2020-05-06,Andhra Pradesh,1717,589,36,0,0,0
2020-05-06,Arunachal Pradesh,1,1,0,0,0,0
2020-05-06,Assam,43,32,1,0,0,0
2020-05-06,Bihar,536,142,4,7,12,0
2020-05-06,Chandigarh,111,21,1,9,0,0
2020-05-06,Chhattisgarh,59,36,0,1,0,0
2020-05-06,Dadar Nagar Haveli,1,0,0,,,
2020-05-06,Delhi,5104,1468,64,206,37,0
2020-05-06,Goa,7,7,0,0,0,0
2020-05-06,Gujarat,6245,1381,368,441,186,49
2020-05-06,Haryana,548,256,6,31,2,0
2020-05-06,Himachal Pradesh,42,38,2,1,0,1
2020-05-06,Jammu and Kashmir,741,320,8,15,17,0
2020-05-06,Jharkhand,125,33,3,10,6,0
2020-05-06,Karnataka,671,331,29,12,7,1
2020-05-06,Kerala,502,462,4,2,0,0
2020-05-06,Ladakh,41,17,0,0,0,0
2020-05-06,Madhya Pradesh,3049,1000,176,0,0,0
2020-05-06,Maharashtra,15525,2819,617,984,354,34
2020-05-06,Manipur,2,2,0,0,0,0
2020-05-06,Meghalaya,12,10,1,0,0,0
2020-05-06,Mizoram,1,0,0,0,0,0
2020-05-06,Odisha,175,60,1,5,0,0
2020-05-06,Puducherry,9,6,0,0,0,0
2020-05-06,Punjab,1451,133,25,218,5,2
2020-05-06,Rajasthan,3158,1525,89,97,131,12
2020-05-06,Tamil Nadu,4058,1485,33,508,76,2
2020-05-06,Telengana,1096,585,29,11,0,0
2020-05-06,Tripura,43,2,0,14,0,0
2020-05-06,Uttarakhand,61,39,1,1,0,0
2020-05-06,Uttar Pradesh,2880,987,56,21,43,3
2020-05-06,West Bengal,1344,364,140,85,146,7
2020-05-07,Andaman and Nicobar Islands,33,32,0,0,0,0
2020-05-07,Andhra Pradesh,1777,729,36,60,140,0
2020-05-07,Arunachal Pradesh,1,1,0,0,0,0
2020-05-07,Assam,45,32,1,2,0,0
2020-05-07,Bihar,542,188,4,6,46,0
2020-05-07,Chandigarh,120,21,1,9,0,0
2020-05-07,Chhattisgarh,59,36,0,0,0,0
2020-05-07,Dadar Nagar Haveli,1,0,0,0,0,0
2020-05-07,Delhi,5532,1542,65,428,74,1
2020-05-07,Goa,7,7,0,0,0,0
2020-05-07,Gujarat,6625,1500,396,380,119,28
2020-05-07,Haryana,594,260,7,46,4,1
2020-05-07,Himachal Pradesh,45,38,2,3,0,0
2020-05-07,Jammu and Kashmir,775,322,8,34,2,0
2020-05-07,Jharkhand,127,37,3,2,4,0
2020-05-07,Karnataka,693,354,29,22,23,0
2020-05-07,Kerala,503,469,4,1,7,0
2020-05-07,Ladakh,41,17,0,0,0,0
2020-05-07,Madhya Pradesh,3138,1099,185,89,99,9
2020-05-07,Maharashtra,16758,3094,651,1233,275,34
2020-05-07,Manipur,2,2,0,0,0,0
2020-05-07,Meghalaya,12,10,1,0,0,0
2020-05-07,Mizoram,1,0,0,0,0,0
2020-05-07,Odisha,185,61,2,10,1,1
2020-05-07,Puducherry,9,6,0,0,0,0
2020-05-07,Punjab,1516,135,27,65,2,2
2020-05-07,Rajasthan,3317,1596,92,159,71,3
2020-05-07,Tamil Nadu,4829,1516,35,771,31,2
2020-05-07,Telengana,1107,628,29,11,43,0
2020-05-07,Tripura,43,2,0,0,0,0
2020-05-07,Uttarakhand,61,39,1,0,0,0
2020-05-07,Uttar Pradesh,2998,1130,60,118,143,4
2020-05-07,West Bengal,1456,364,144,112,0,4
2020-05-08,Andaman and Nicobar Islands,33,33,0,0,1,0
2020-05-08,Andhra Pradesh,1847,780,38,70,51,2
2020-05-08,Arunachal Pradesh,1,1,0,0,0,0
2020-05-08,Assam,54,34,1,9,2,0
2020-05-08,Bihar,550,246,5,8,58,1
2020-05-08,Chandigarh,135,21,1,15,0,0
2020-05-08,Chhattisgarh,59,38,0,0,2,0
2020-05-08,Dadar Nagar Haveli,1,0,0,0,0,0
2020-05-08,Delhi,5980,1931,66,448,389,1
2020-05-08,Goa,7,7,0,0,0,0
2020-05-08,Gujarat,7012,1709,425,387,209,29
2020-05-08,Haryana,625,260,7,31,0,0
2020-05-08,Himachal Pradesh,46,38,2,1,0,0
2020-05-08,Jammu and Kashmir,793,335,9,18,13,1
2020-05-08,Jharkhand,132,41,3,5,4,0
2020-05-08,Karnataka,705,366,30,12,12,1
2020-05-08,Kerala,503,474,4,0,5,0
2020-05-08,Ladakh,42,17,0,1,0,0
2020-05-08,Madhya Pradesh,3252,1231,193,114,132,8
2020-05-08,Maharashtra,17974,3301,694,1216,207,43
2020-05-08,Manipur,2,2,0,0,0,0
2020-05-08,Meghalaya,12,10,1,0,0,0
2020-05-08,Mizoram,1,0,0,0,0,0
2020-05-08,Odisha,219,62,2,34,1,0
2020-05-08,Puducherry,9,6,0,0,0,0
2020-05-08,Punjab,1644,149,28,128,14,1
2020-05-08,Rajasthan,3427,1596,97,110,0,5
2020-05-08,Tamil Nadu,5409,1547,37,580,31,2
2020-05-08,Telengana,1123,650,29,16,22,0
2020-05-08,Tripura,65,2,0,22,0,0
2020-05-08,Uttarakhand,61,39,1,0,0,0
2020-05-08,Uttar Pradesh,3071,1250,62,73,120,2
2020-05-08,West Bengal,1548,364,151,92,0,7
2020-05-09,Andaman and Nicobar Islands,33,33,0,0,0,0
2020-05-09,Andhra Pradesh,1887,842,41,40,62,3
2020-05-09,Arunachal Pradesh,1,1,0,0,0,0
2020-05-09,Assam,59,34,1,5,0,0
2020-05-09,Bihar,571,297,5,21,51,0
2020-05-09,Chandigarh,150,21,1,15,0,0
2020-05-09,Chhattisgarh,59,38,0,0,0,0
2020-05-09,Dadar Nagar Haveli,1,0,0,0,0,0
2020-05-09,Delhi,6318,2020,68,338,89,2
2020-05-09,Goa,7,7,0,0,0,0
2020-05-09,Gujarat,7402,1872,449,390,163,24
2020-05-09,Haryana,647,279,8,22,19,1
2020-05-09,Himachal Pradesh,50,38,2,4,0,0
2020-05-09,Jammu and Kashmir,823,364,9,30,29,0
2020-05-09,Jharkhand,132,52,3,0,11,0
2020-05-09,Karnataka,753,376,30,48,10,0
2020-05-09,Kerala,503,484,4,0,10,0
2020-05-09,Ladakh,42,17,0,0,0,0
2020-05-09,Madhya Pradesh,3341,1349,200,89,118,7
2020-05-09,Maharashtra,19063,3470,731,1089,169,37
2020-05-09,Manipur,2,2,0,0,0,0
2020-05-09,Meghalaya,12,10,1,0,0,0
2020-05-09,Mizoram,1,0,0,0,0,0
2020-05-09,Odisha,271,63,2,52,1,0
2020-05-09,Puducherry,9,6,0,0,0,0
2020-05-09,Punjab,1731,152,29,87,3,1
2020-05-09,Rajasthan,3579,1916,101,152,320,4
2020-05-09,Tamil Nadu,6009,1605,40,600,58,3
2020-05-09,Telengana,1133,700,29,10,50,0
2020-05-09,Tripura,118,2,0,53,0,0
2020-05-09,Uttarakhand,63,46,1,2,7,0
2020-05-09,Uttar Pradesh,3214,1387,66,143,137,4
2020-05-09,West Bengal,1678,364,160,130,0,9
2020-05-10,Andaman and Nicobar Islands,33,33,0,0,0,0
2020-05-10,Andhra Pradesh,1930,887,44,43,45,3
2020-05-10,Arunachal Pradesh,1,1,0,0,0,0
2020-05-10,Assam,63,34,2,4,0,1
2020-05-10,Bihar,591,322,5,20,25,0
2020-05-10,Chandigarh,169,24,2,19,3,1
2020-05-10,Chhattisgarh,59,43,0,0,5,0
2020-05-10,Dadar Nagar Haveli,1,0,0,0,0,0
2020-05-10,Delhi,6542,2020,73,224,0,5
2020-05-10,Goa,7,7,0,0,0,0
2020-05-10,Gujarat,7796,2091,472,394,219,23
2020-05-10,Haryana,675,290,9,28,11,1
2020-05-10,Himachal Pradesh,50,38,2,0,0,0
2020-05-10,Jammu and Kashmir,836,368,9,13,4,0
2020-05-10,Jharkhand,156,78,3,24,26,0
2020-05-10,Karnataka,794,386,30,41,10,0
2020-05-10,Kerala,505,485,4,2,1,0
2020-05-10,Ladakh,42,17,0,0,0,0
2020-05-10,Madhya Pradesh,3614,1676,215,273,327,15
2020-05-10,Maharashtra,20228,3800,779,1165,330,48
2020-05-10,Manipur,2,2,0,0,0,0
2020-05-10,Meghalaya,13,10,1,1,0,0
2020-05-10,Mizoram,1,1,0,0,1,0
2020-05-10,Odisha,294,63,2,23,0,0
2020-05-10,Puducherry,9,6,0,0,0,0
2020-05-10,Punjab,1762,157,31,31,5,2
2020-05-10,Rajasthan,3708,2026,106,129,110,5
2020-05-10,Tamil Nadu,6535,1824,44,526,219,4
2020-05-10,Telengana,1163,750,30,30,50,1
2020-05-10,Tripura,134,2,0,16,0,0
2020-05-10,Uttarakhand,67,46,1,4,0,0
2020-05-10,Uttar Pradesh,3373,1499,74,159,112,8
2020-05-10,West Bengal,1786,372,171,108,8,11
2020-05-11,Andaman and Nicobar Islands,33,33,0,0,0,0
2020-05-11,Andhra Pradesh,1980,925,45,50,38,1
2020-05-11,Arunachal Pradesh,1,1,0,0,0,0
2020-05-11,Assam,63,34,2,0,0,0
2020-05-11,Bihar,696,365,6,105,43,1
2020-05-11,Chandigarh,169,24,2,0,0,0
2020-05-11,Chhattisgarh,59,49,0,0,6,0
2020-05-11,Dadar Nagar Haveli,1,0,0,0,0,0
2020-05-11,Delhi,6923,2069,73,381,49,0
2020-05-11,Goa,7,7,0,0,0,0
2020-05-11,Gujarat,8194,2545,493,398,454,21
2020-05-11,Haryana,703,300,10,28,10,1
2020-05-11,Himachal Pradesh,55,39,2,5,1,0
2020-05-11,Jammu and Kashmir,861,383,9,25,15,0
2020-05-11,Jharkhand,157,78,3,1,0,0
2020-05-11,Karnataka,848,424,31,54,38,1
2020-05-11,Kerala,512,489,4,7,4,0
2020-05-11,Ladakh,42,21,0,0,4,0
2020-05-11,Madhya Pradesh,3614,1676,215,0,0,0
2020-05-11,Maharashtra,22171,4199,832,1943,399,53
2020-05-11,Manipur,2,2,0,0,0,0
2020-05-11,Meghalaya,13,10,1,0,0,0
2020-05-11,Mizoram,1,1,0,0,0,0
2020-05-11,Odisha,377,68,3,83,5,1
2020-05-11,Puducherry,9,6,0,0,0,0
2020-05-11,Punjab,1823,166,31,61,9,0
2020-05-11,Rajasthan,3814,2176,107,106,150,1
2020-05-11,Tamil Nadu,7204,1959,47,669,135,3
2020-05-11,Telengana,1196,750,30,33,0,0
2020-05-11,Tripura,150,2,0,16,0,0
2020-05-11,Uttarakhand,68,46,1,1,0,0
2020-05-11,Uttar Pradesh,3467,1653,74,94,154,0
2020-05-11,West Bengal,1939,417,185,153,45,14
2020-05-12,Andaman and Nicobar Islands,33,33,0,0,0,0
2020-05-12,Andhra Pradesh,2018,975,45,38,50,0
2020-05-12,Arunachal Pradesh,1,1,0,0,0,0
2020-05-12,Assam,65,34,2,2,0,0
2020-05-12,Bihar,747,377,6,51,12,0
2020-05-12,Chandigarh,174,24,2,5,0,0
2020-05-12,Chhattisgarh,59,53,0,0,4,0
2020-05-12,Dadar Nagar Haveli,1,0,0,0,0,0
2020-05-12,Delhi,7233,2129,73,310,60,0
2020-05-12,Goa,7,7,0,0,0,0
2020-05-12,Gujarat,8541,2780,513,347,235,20
2020-05-12,Haryana,730,337,11,27,37,1
2020-05-12,Himachal Pradesh,59,39,2,4,0,0
2020-05-12,Jammu and Kashmir,879,427,10,18,44,1
2020-05-12,Jharkhand,160,78,3,3,0,0
2020-05-12,Karnataka,862,426,31,14,2,0
2020-05-12,Kerala,519,489,4,7,0,0
2020-05-12,Ladakh,42,21,0,0,0,0
2020-05-12,Madhya Pradesh,3785,1747,221,171,71,6
2020-05-12,Maharashtra,23401,4786,868,1230,587,36
2020-05-12,Manipur,2,2,0,0,0,0
2020-05-12,Meghalaya,13,10,1,0,0,0
2020-05-12,Mizoram,1,1,0,0,0,0
2020-05-12,Odisha,414,85,3,37,17,0
2020-05-12,Puducherry,12,6,0,3,0,0
2020-05-12,Punjab,1877,168,31,54,2,0
2020-05-12,Rajasthan,3988,2264,113,174,88,6
2020-05-12,Tamil Nadu,8002,2051,53,798,92,6
2020-05-12,Telengana,1275,800,30,79,50,0
2020-05-12,Tripura,152,2,0,2,0,0
2020-05-12,Uttarakhand,68,46,1,0,0,0
2020-05-12,Uttar Pradesh,3573,1758,80,106,105,6
2020-05-12,West Bengal,2063,499,190,124,82,5
2020-05-13,Andaman and Nicobar Islands,33,33,0,0,0,0
2020-05-13,Andhra Pradesh,2090,1056,46,72,81,1
2020-05-13,Arunachal Pradesh,1,1,0,0,0,0
2020-05-13,Assam,65,39,2,0,5,0
2020-05-13,Bihar,831,383,6,84,6,0
2020-05-13,Chandigarh,187,28,3,13,4,1
2020-05-13,Chhattisgarh,59,54,0,0,1,0
2020-05-13,Dadar Nagar Haveli,1,0,0,0,0,0
2020-05-13,Delhi,7639,2512,86,406,383,13
2020-05-13,Goa,7,7,0,0,0,0
2020-05-13,Gujarat,8903,3246,537,362,466,24
2020-05-13,Haryana,780,342,11,50,5,0
2020-05-13,Himachal Pradesh,65,39,2,6,0,0
2020-05-13,Jammu and Kashmir,934,455,10,55,28,0
2020-05-13,Jharkhand,172,79,3,12,1,0
2020-05-13,Karnataka,925,433,31,63,7,0
2020-05-13,Kerala,524,489,4,5,0,0
2020-05-13,Ladakh,42,21,0,0,0,0
2020-05-13,Madhya Pradesh,3986,1860,225,201,113,4
2020-05-13,Maharashtra,24427,5125,921,1026,339,53
2020-05-13,Manipur,2,2,0,0,0,0
2020-05-13,Meghalaya,13,10,1,0,0,0
2020-05-13,Mizoram,1,1,0,0,0,0
2020-05-13,Odisha,437,116,3,23,31,0
2020-05-13,Puducherry,13,9,1,1,3,1
2020-05-13,Punjab,1914,171,32,37,3,1
2020-05-13,Rajasthan,4126,2378,117,138,114,4
2020-05-13,Tamil Nadu,8718,2134,61,716,83,8
2020-05-13,Telengana,1326,830,32,51,30,2
2020-05-13,Tripura,154,2,0,2,0,0
2020-05-13,Uttarakhand,69,46,1,1,0,0
2020-05-13,Uttar Pradesh,3664,1873,82,91,115,2
2020-05-13,West Bengal,2173,612,198,110,113,8
2020-05-14,Andaman and Nicobar Islands,33,33,0,0,0,0
2020-05-14,Andhra Pradesh,2137,1142,47,47,86,1
2020-05-14,Arunachal Pradesh,1,1,0,0,0,0
2020-05-14,Assam,80,39,2,15,0,0
2020-05-14,Bihar,940,388,7,109,5,1
2020-05-14,Chandigarh,187,28,3,0,0,0
2020-05-14,Chhattisgarh,59,55,0,0,1,0
2020-05-14,Dadar Nagar Haveli,1,0,0,0,0,0
2020-05-14,Delhi,7998,2858,106,359,346,20
2020-05-14,Goa,7,7,0,0,0,0
2020-05-14,Gujarat,9267,3562,566,364,316,29
2020-05-14,Haryana,793,418,11,13,76,0
2020-05-14,Himachal Pradesh,66,39,2,1,0,0
2020-05-14,Jammu and Kashmir,971,466,11,37,11,1
2020-05-14,Jharkhand,173,79,3,1,0,0
2020-05-14,Karnataka,959,451,33,34,18,2
2020-05-14,Kerala,534,490,4,10,1,0
2020-05-14,Ladakh,43,22,0,1,1,0
2020-05-14,Madhya Pradesh,4173,2004,232,187,144,7
2020-05-14,Maharashtra,25922,5547,975,1495,422,54
2020-05-14,Manipur,2,2,0,0,0,0
2020-05-14,Meghalaya,13,10,1,0,0,0
2020-05-14,Mizoram,1,1,0,0,0,0
2020-05-14,Odisha,538,143,3,101,27,0
2020-05-14,Puducherry,13,9,1,0,0,0
2020-05-14,Punjab,1924,200,32,10,29,0
2020-05-14,Rajasthan,4328,2459,121,202,81,4
2020-05-14,Tamil Nadu,9227,2176,64,509,42,3
2020-05-14,Telengana,1367,940,34,41,110,2
2020-05-14,Tripura,155,16,0,1,14,0
2020-05-14,Uttarakhand,72,46,1,3,0,0
2020-05-14,Uttar Pradesh,3729,1902,83,65,29,1
2020-05-14,West Bengal,2290,702,207,117,90,9
2020-05-15,Andaman and Nicobar Islands,33,33,0,0,0,0
2020-05-15,Andhra Pradesh,2205,1192,48,68,50,1
2020-05-15,Arunachal Pradesh,1,1,0,0,0,0
2020-05-15,Assam,87,39,2,7,0,0
2020-05-15,Bihar,994,411,7,54,23,0
2020-05-15,Chandigarh,191,37,3,4,9,0
2020-05-15,Chhattisgarh,60,56,0,1,1,0
2020-05-15,Dadar Nagar Haveli,1,0,0,0,0,0
2020-05-15,Delhi,8470,3045,115,472,187,9
2020-05-15,Goa,14,7,0,7,0,0
2020-05-15,Gujarat,9591,3753,586,324,191,20
2020-05-15,Haryana,818,439,11,25,21,0
2020-05-15,Himachal Pradesh,74,39,2,8,0,0
2020-05-15,Jammu and Kashmir,983,485,11,12,19,0
2020-05-15,Jharkhand,197,87,3,24,8,0
2020-05-15,Karnataka,987,460,35,28,9,2
2020-05-15,Kerala,560,491,4,26,1,0
2020-05-15,Ladakh,43,22,0,0,0,0
2020-05-15,Madhya Pradesh,4426,2171,237,253,167,5
2020-05-15,Maharashtra,27524,6059,1019,1602,512,44
2020-05-15,Manipur,3,2,0,1,0,0
2020-05-15,Meghalaya,13,11,1,0,1,0
2020-05-15,Mizoram,1,1,0,0,0,0
2020-05-15,Odisha,611,158,3,73,15,0
2020-05-15,Puducherry,13,9,1,0,0,0
2020-05-15,Punjab,1935,223,32,11,23,0
2020-05-15,Rajasthan,4534,2580,125,206,121,4
2020-05-15,Tamil Nadu,9674,2240,66,447,64,2
2020-05-15,Telengana,1414,950,34,47,10,0
2020-05-15,Tripura,156,29,0,1,13,0
2020-05-15,Uttarakhand,78,50,1,6,4,0
2020-05-15,Uttar Pradesh,3902,2072,88,173,170,5
2020-05-15,West Bengal,2377,768,215,87,66,8
2020-05-16,Andaman and Nicobar Islands,33,33,0,0,0,0
2020-05-16,Andhra Pradesh,2307,1252,48,102,60,0
2020-05-16,Arunachal Pradesh,1,1,0,0,0,0
2020-05-16,Assam,90,41,2,3,2,0
2020-05-16,Bihar,1018,438,7,24,27,0
2020-05-16,Chandigarh,191,37,3,0,0,0
2020-05-16,Chhattisgarh,66,56,0,6,0,0
2020-05-16,Dadar Nagar Haveli,1,0,0,0,0,0
2020-05-16,Delhi,8895,3518,123,425,473,8
2020-05-16,Goa,15,7,0,1,0,0
2020-05-16,Gujarat,9931,4035,606,340,282,20
2020-05-16,Haryana,818,439,11,0,0,0
2020-05-16,Himachal Pradesh,76,39,3,2,0,1
2020-05-16,Jammu and Kashmir,1013,513,11,30,28,0
2020-05-16,Jharkhand,203,87,3,6,0,0
2020-05-16,Karnataka,1056,480,36,69,20,1
2020-05-16,Kerala,576,492,4,16,1,0
2020-05-16,Ladakh,43,22,0,0,0,0
2020-05-16,Madhya Pradesh,4595,2283,239,169,112,2
2020-05-16,Maharashtra,29100,6564,1068,1576,505,49
2020-05-16,Manipur,3,2,0,0,0,0
2020-05-16,Meghalaya,13,11,1,0,0,0
2020-05-16,Mizoram,1,1,0,0,0,0
2020-05-16,Odisha,672,166,3,61,8,0
2020-05-16,Puducherry,13,9,1,0,0,0
2020-05-16,Punjab,1935,305,32,0,82,0
2020-05-16,Rajasthan,4727,2677,125,193,97,0
2020-05-16,Tamil Nadu,10108,2599,71,434,359,5
2020-05-16,Telengana,1454,959,34,40,9,0
2020-05-16,Tripura,156,42,0,0,13,0
2020-05-16,Uttarakhand,82,51,1,4,1,0
2020-05-16,Uttar Pradesh,4057,2165,95,155,93,7
2020-05-16,West Bengal,2461,829,225,84,61,10
2020-05-17,Andaman and Nicobar Islands,33,33,0,0,0,0
2020-05-17,Andhra Pradesh,2355,1353,49,48,101,1
2020-05-17,Arunachal Pradesh,1,1,0,0,0,0
2020-05-17,Assam,92,41,2,2,0,0
2020-05-17,Bihar,1179,453,7,161,15,0
2020-05-17,Chandigarh,191,51,3,0,14,0
2020-05-17,Chhattisgarh,67,56,0,1,0,0
2020-05-17,Dadar Nagar Haveli,1,0,0,0,0,0
2020-05-17,Delhi,9333,3926,129,438,408,6
2020-05-17,Goa,17,7,0,2,0,0
2020-05-17,Gujarat,10988,4308,625,1057,273,19
2020-05-17,Haryana,887,514,13,69,75,2
2020-05-17,Himachal Pradesh,78,43,3,2,4,0
2020-05-17,Jammu and Kashmir,1121,542,12,108,29,1
2020-05-17,Jharkhand,217,113,3,14,26,0
2020-05-17,Karnataka,1092,496,36,36,16,0
2020-05-17,Kerala,587,495,4,11,3,0
2020-05-17,Ladakh,43,22,0,0,0,0
2020-05-17,Madhya Pradesh,4789,2315,243,194,32,4
2020-05-17,Maharashtra,30706,7088,1135,1606,524,67
2020-05-17,Manipur,7,2,0,4,0,0
2020-05-17,Meghalaya,13,11,1,0,0,0
2020-05-17,Mizoram,1,1,0,0,0,0
2020-05-17,Odisha,737,196,3,65,30,0
2020-05-17,Puducherry,13,9,1,0,0,0
2020-05-17,Punjab,1946,1257,32,11,952,0
2020-05-17,Rajasthan,4960,2839,126,233,162,1
2020-05-17,Tamil Nadu,10585,3538,74,477,939,3
2020-05-17,Telengana,1509,971,34,55,12,0
2020-05-17,Tripura,167,64,0,11,22,0
2020-05-17,Uttarakhand,88,51,1,6,0,0
2020-05-17,Uttar Pradesh,4258,2441,104,201,276,9
2020-05-17,West Bengal,2576,872,232,115,43,7
2020-05-18,Andaman and Nicobar Islands,33,33,0,0,0,0
2020-05-18,Andhra Pradesh,2407,1456,50,52,103,1
2020-05-18,Arunachal Pradesh,1,1,0,0,0,0
2020-05-18,Assam,101,41,2,9,0,0
2020-05-18,Bihar,1262,475,8,83,22,1
2020-05-18,Chandigarh,191,51,3,0,0,0
2020-05-18,Chhattisgarh,86,59,0,19,3,0
2020-05-18,Dadar Nagar Haveli,1,0,0,0,0,0
2020-05-18,Delhi,10054,4485,160,721,559,31
2020-05-18,Goa,29,7,0,12,0,0
2020-05-18,Gujarat,11379,4499,659,391,191,34
2020-05-18,Haryana,910,562,14,23,48,1
2020-05-18,Himachal Pradesh,80,44,3,2,1,0
2020-05-18,Jammu and Kashmir,1183,575,13,62,33,1
2020-05-18,Jharkhand,223,113,3,6,0,0
2020-05-18,Karnataka,1147,509,37,55,13,1
2020-05-18,Kerala,601,497,4,14,2,0
2020-05-18,Ladakh,43,24,0,0,2,0
2020-05-18,Madhya Pradesh,4977,2403,248,188,88,5
2020-05-18,Maharashtra,33053,7688,1198,2347,600,63
2020-05-18,Manipur,7,2,0,0,0,0
2020-05-18,Meghalaya,13,11,1,0,0,0
2020-05-18,Mizoram,1,1,0,0,0,0
2020-05-18,Odisha,828,220,4,91,24,1
2020-05-18,Puducherry,13,9,1,0,0,0
2020-05-18,Punjab,1964,1366,35,18,109,3
2020-05-18,Rajasthan,5202,2992,131,242,153,5
2020-05-18,Tamil Nadu,11224,4172,78,639,634,4
2020-05-18,Telengana,1551,992,34,42,21,0
2020-05-18,Tripura,167,85,0,0,21,0
2020-05-18,Uttarakhand,92,52,1,4,1,0
2020-05-18,Uttar Pradesh,4259,2441,104,1,0,0
2020-05-18,West Bengal,2677,959,238,101,87,6
2020-05-19,Andaman and Nicobar Islands,33,33,0,0,0,0
2020-05-19,Andhra Pradesh,2474,1552,50,67,96,0
2020-05-19,Arunachal Pradesh,1,1,0,0,0,0
2020-05-19,Assam,107,41,2,6,0,0
2020-05-19,Bihar,1391,494,9,129,19,1
2020-05-19,Chandigarh,196,54,3,5,3,0
2020-05-19,Chhattisgarh,93,59,0,7,0,0
2020-05-19,Dadar Nagar Haveli,1,0,0,0,0,0
2020-05-19,Delhi,10054,4485,168,0,0,8
2020-05-19,Goa,38,7,0,9,0,0
2020-05-19,Gujarat,11745,4804,694,366,305,35
2020-05-19,Haryana,928,598,14,18,36,0
2020-05-19,Himachal Pradesh,90,44,3,10,0,0
2020-05-19,Jammu and Kashmir,1289,609,15,106,34,2
2020-05-19,Jharkhand,223,113,3,0,0,0
2020-05-19,Karnataka,1246,530,37,99,21,0
2020-05-19,Kerala,630,497,4,29,0,0
2020-05-19,Ladakh,43,41,0,0,17,0
2020-05-19,Madhya Pradesh,5236,2435,252,259,32,4
2020-05-19,Maharashtra,35058,8437,1249,2005,749,51
2020-05-19,Manipur,7,2,0,0,0,0
2020-05-19,Meghalaya,13,11,1,0,0,0
2020-05-19,Mizoram,1,1,0,0,0,0
2020-05-19,Odisha,876,220,4,48,0,0
2020-05-19,Puducherry,18,9,1,5,0,0
2020-05-19,Punjab,1980,1547,37,16,181,2
2020-05-19,Rajasthan,5507,3218,138,305,226,7
2020-05-19,Tamil Nadu,11760,4406,81,536,234,3
2020-05-19,Telengana,1597,1000,35,46,8,1
2020-05-19,Tripura,167,85,0,0,0,0
2020-05-19,Uttarakhand,93,52,1,1,0,0
2020-05-19,Uttar Pradesh,4605,2783,118,346,342,14
2020-05-19,West Bengal,2825,1006,244,148,47,6
2020-05-20,Andaman and Nicobar Islands,33,33,0,0,0,0
2020-05-20,Andhra Pradesh,2532,1621,52,58,69,2
2020-05-20,Arunachal Pradesh,1,1,0,0,0,0
2020-05-20,Assam,142,41,4,35,0,2
2020-05-20,Bihar,1498,534,9,107,40,0
2020-05-20,Chandigarh,200,57,3,4,3,0
2020-05-20,Chhattisgarh,101,59,0,8,0,0
2020-05-20,Dadar Nagar Haveli,1,0,0,0,0,0
2020-05-20,Delhi,10554,4750,168,500,265,0
2020-05-20,Goa,46,7,0,8,0,0
2020-05-20,Gujarat,12140,5043,719,395,239,25
2020-05-20,Haryana,964,627,14,36,29,0
2020-05-20,Himachal Pradesh,92,47,3,2,3,0
2020-05-20,Jammu and Kashmir,1317,653,17,28,44,2
2020-05-20,Jharkhand,231,127,3,8,14,0
2020-05-20,Karnataka,1397,544,40,151,14,3
2020-05-20,Kerala,642,497,4,12,0,0
2020-05-20,Ladakh,43,43,0,0,2,0
2020-05-20,Madhya Pradesh,5465,2630,258,229,195,6
2020-05-20,Maharashtra,37136,9639,1325,2078,1202,76
2020-05-20,Manipur,9,2,0,2,0,0
2020-05-20,Meghalaya,13,12,1,0,1,0
2020-05-20,Mizoram,1,1,0,0,0,0
2020-05-20,Odisha,978,277,5,102,57,1
2020-05-20,Puducherry,18,9,1,0,0,0
2020-05-20,Punjab,2002,1642,38,22,95,1
2020-05-20,Rajasthan,5845,3337,143,338,119,5
2020-05-20,Tamil Nadu,12448,4895,84,688,489,3
2020-05-20,Telengana,1634,1010,38,37,10,3
2020-05-20,Tripura,173,116,0,6,31,0
2020-05-20,Uttarakhand,111,52,1,18,0,0
2020-05-20,Uttar Pradesh,4926,2918,123,321,135,5
2020-05-20,West Bengal,2961,1074,250,136,68,6
2020-05-21,Andaman and Nicobar Islands,33,33,0,0,0,0
2020-05-21,Andhra Pradesh,2602,1640,53,70,19,1
2020-05-21,Arunachal Pradesh,1,1,0,0,0,0
2020-05-21,Assam,170,48,4,28,7,0
2020-05-21,Bihar,1674,571,10,176,37,1
2020-05-21,Chandigarh,202,57,3,2,0,0
2020-05-21,Chhattisgarh,115,59,0,14,0,0
2020-05-21,Dadar Nagar Haveli,1,0,0,0,0,0
2020-05-21,Delhi,11088,5192,176,534,442,8
2020-05-21,Goa,50,7,0,4,0,0
2020-05-21,Gujarat,12537,5219,749,397,176,30
2020-05-21,Haryana,993,648,14,29,21,0
2020-05-21,Himachal Pradesh,110,54,3,18,7,0
2020-05-21,Jammu and Kashmir,1390,678,18,73,25,1
2020-05-21,Jharkhand,231,127,3,0,0,0
2020-05-21,Karnataka,1462,556,41,65,12,1
2020-05-21,Kerala,666,502,4,24,5,0
2020-05-21,Ladakh,44,43,0,1,0,0
2020-05-21,Madhya Pradesh,5735,2733,267,270,103,9
2020-05-21,Maharashtra,39297,10318,1390,2161,679,65
2020-05-21,Manipur,25,2,0,16,0,0
2020-05-21,Meghalaya,14,12,1,1,0,0
2020-05-21,Mizoram,1,1,0,0,0,0
2020-05-21,Odisha,1052,307,6,74,30,1
2020-05-21,Puducherry,18,9,0,0,0,-1
2020-05-21,Punjab,2005,1794,38,3,152,0
2020-05-21,Rajasthan,6015,3404,147,170,67,4
2020-05-21,Tamil Nadu,13191,5882,87,743,987,3
2020-05-21,Telengana,1661,1015,40,27,5,2
2020-05-21,Tripura,173,133,0,0,17,0
2020-05-21,Uttarakhand,122,53,1,11,1,0
2020-05-21,Uttar Pradesh,5175,3066,127,249,148,4
2020-05-21,West Bengal,3103,1136,253,142,62,3
2020-05-22,Andaman and Nicobar Islands,33,33,0,0,0,0
2020-05-22,Andhra Pradesh,2647,1709,53,45,69,0
2020-05-22,Arunachal Pradesh,1,1,0,0,0,0
2020-05-22,Assam,203,54,4,33,6,0
2020-05-22,Bihar,1982,593,11,308,22,1
2020-05-22,Chandigarh,217,139,3,15,82,0
2020-05-22,Chhattisgarh,128,59,0,13,0,0
2020-05-22,Dadar Nagar Haveli,1,0,0,0,0,0
2020-05-22,Delhi,11659,5567,194,571,375,18
2020-05-22,Goa,52,7,0,2,0,0
2020-05-22,Gujarat,12905,5488,773,368,269,24
2020-05-22,Haryana,1031,681,15,38,33,1
2020-05-22,Himachal Pradesh,152,59,3,42,5,0
2020-05-22,Jammu and Kashmir,1449,684,20,59,6,2
2020-05-22,Jharkhand,290,129,3,59,2,0
2020-05-22,Karnataka,1605,571,41,143,15,0
2020-05-22,Kerala,690,510,4,24,8,0
2020-05-22,Ladakh,44,43,0,0,0,0
2020-05-22,Madhya Pradesh,5981,2843,270,246,110,3
2020-05-22,Maharashtra,41642,11726,1454,2345,1408,64
2020-05-22,Manipur,25,2,0,0,0,0
2020-05-22,Meghalaya,14,12,1,0,0,0
2020-05-22,Mizoram,1,1,0,0,0,0
2020-05-22,Odisha,1103,393,7,51,86,1
2020-05-22,Puducherry,20,10,0,2,1,0
2020-05-22,Punjab,2028,1819,39,23,25,1
2020-05-22,Rajasthan,6227,3485,151,212,81,4
2020-05-22,Tamil Nadu,13967,6282,94,776,400,7
2020-05-22,Telengana,1699,1035,45,38,20,5
2020-05-22,Tripura,173,148,0,0,15,0
2020-05-22,Uttarakhand,146,54,1,24,1,0
2020-05-22,Uttar Pradesh,5515,3204,138,340,138,11
2020-05-22,West Bengal,3197,1193,259,94,57,6
2020-05-23,Andaman and Nicobar Islands,33,33,0,0,0,0
2020-05-23,Andhra Pradesh,2709,1763,55,62,54,2
2020-05-23,Arunachal Pradesh,1,1,0,0,0,0
2020-05-23,Assam,259,54,4,56,0,0
2020-05-23,Bihar,2177,629,11,195,36,0
2020-05-23,Chandigarh,218,178,3,1,39,0
2020-05-23,Chhattisgarh,172,62,0,44,3,0
2020-05-23,Dadar Nagar Haveli,1,0,0,0,0,0
2020-05-23,Delhi,12319,5897,208,660,330,14
2020-05-23,Goa,54,16,0,2,9,0
2020-05-23,Gujarat,13268,5880,802,363,392,29
2020-05-23,Haryana,1067,706,16,36,25,1
2020-05-23,Himachal Pradesh,168,59,3,16,0,0
2020-05-23,Jammu and Kashmir,1489,720,20,40,36,0
2020-05-23,Jharkhand,308,136,3,18,7,0
2020-05-23,Karnataka,1743,597,41,138,26,0
2020-05-23,Kerala,732,512,4,42,2,0
2020-05-23,Ladakh,44,43,0,0,0,0
2020-05-23,Madhya Pradesh,6170,3089,272,189,246,2
2020-05-23,Maharashtra,44582,12583,1517,2940,857,63
2020-05-23,Manipur,26,2,0,1,0,0
2020-05-23,Meghalaya,14,12,1,0,0,0
2020-05-23,Mizoram,1,1,0,0,0,0
2020-05-23,Odisha,1189,436,7,86,43,0
2020-05-23,Puducherry,26,10,0,6,0,0
2020-05-23,Punjab,2029,1847,39,1,28,0
2020-05-23,Rajasthan,6494,3680,153,267,195,2
2020-05-23,Tamil Nadu,14753,7128,98,786,846,4
2020-05-23,Telengana,1761,1043,45,62,8,0
2020-05-23,Tripura,175,152,0,2,4,0
2020-05-23,Uttarakhand,153,56,1,7,2,0
2020-05-23,Uttar Pradesh,5735,3238,152,220,34,14
2020-05-23,West Bengal,3332,1221,265,135,28,6
2020-05-24,Andaman and Nicobar Islands,33,33,0,0,0,0
2020-05-24,Andhra Pradesh,2757,1809,56,48,46,1
2020-05-24,Arunachal Pradesh,1,1,0,0,0,0
2020-05-24,Assam,329,55,4,70,1,0
2020-05-24,Bihar,2380,653,11,203,24,0
2020-05-24,Chandigarh,225,179,3,7,1,0
2020-05-24,Chhattisgarh,214,64,0,42,2,0
2020-05-24,Dadar Nagar Haveli,2,0,0,1,0,0
2020-05-24,Delhi,12910,6267,231,591,370,23
2020-05-24,Goa,55,16,0,1,0,0
2020-05-24,Gujarat,13664,6169,829,396,289,27
2020-05-24,Haryana,1131,750,16,64,44,0
2020-05-24,Himachal Pradesh,185,61,3,17,2,0
2020-05-24,Jammu and Kashmir,1569,774,21,80,54,1
2020-05-24,Jharkhand,350,141,4,42,5,1
2020-05-24,Karnataka,1959,608,42,216,11,1
2020-05-24,Kerala,795,515,4,63,3,0
2020-05-24,Ladakh,49,43,0,5,0,0
2020-05-24,Madhya Pradesh,6371,3267,281,201,178,9
2020-05-24,Maharashtra,47190,13404,1577,2608,821,60
2020-05-24,Manipur,29,4,0,3,2,0
2020-05-24,Meghalaya,14,12,1,0,0,0
2020-05-24,Mizoram,1,1,0,0,0,0
2020-05-24,Odisha,1269,497,7,80,61,0
2020-05-24,Puducherry,26,10,0,0,0,0
2020-05-24,Punjab,2045,1870,39,16,23,0
2020-05-24,Rajasthan,6742,3786,160,248,106,7
2020-05-24,Sikkim,1,0,0,,,
2020-05-24,Tamil Nadu,15512,7491,103,759,363,5
2020-05-24,Telengana,1813,1065,49,52,22,4
2020-05-24,Tripura,189,153,0,14,1,0
2020-05-24,Uttarakhand,244,56,2,91,0,1
2020-05-24,Uttar Pradesh,6017,3406,155,282,168,3
2020-05-24,West Bengal,3459,1281,269,127,60,4
2020-05-25,Andaman and Nicobar Islands,33,33,0,0,0,0
2020-05-25,Andhra Pradesh,2823,1856,56,66,47,0
2020-05-25,Arunachal Pradesh,1,1,0,0,0,0
2020-05-25,Assam,378,55,4,49,0,0
2020-05-25,Bihar,2587,702,13,207,49,2
2020-05-25,Chandigarh,238,186,3,13,7,0
2020-05-25,Chhattisgarh,252,67,0,38,3,0
2020-05-25,Dadar Nagar Haveli,2,0,0,0,0,0
2020-05-25,Delhi,13418,6540,261,508,273,30
2020-05-25,Goa,66,19,0,11,3,0
2020-05-25,Gujarat,14056,6412,858,392,243,29
2020-05-25,Haryana,1184,765,16,53,15,0
2020-05-25,Himachal Pradesh,203,63,3,18,2,0
2020-05-25,Jammu and Kashmir,1621,809,21,52,35,0
2020-05-25,Jharkhand,370,148,4,20,7,0
2020-05-25,Karnataka,2089,654,42,130,46,0
2020-05-25,Kerala,847,521,4,52,6,0
2020-05-25,Ladakh,52,43,0,3,0,0
2020-05-25,Madhya Pradesh,6665,3408,290,294,141,9
2020-05-25,Maharashtra,50231,14600,1635,3041,1196,58
2020-05-25,Manipur,32,4,0,3,0,0
2020-05-25,Meghalaya,14,12,1,0,0,0
2020-05-25,Mizoram,1,1,0,0,0,0
2020-05-25,Odisha,1336,550,7,67,53,0
2020-05-25,Puducherry,41,12,0,15,2,0
2020-05-25,Punjab,2060,1898,40,15,28,1
2020-05-25,Rajasthan,7028,3848,163,286,62,3
2020-05-25,Sikkim,1,0,0,0,0,0
2020-05-25,Tamil Nadu,16277,8324,111,765,833,8
2020-05-25,Telengana,1854,1090,53,41,25,4
2020-05-25,Tripura,191,165,0,2,12,0
2020-05-25,Uttarakhand,317,58,3,73,2,1
2020-05-25,Uttar Pradesh,6268,3538,161,251,132,6
2020-05-25,West Bengal,3667,1339,272,208,58,3
2020-05-26,Andaman and Nicobar Islands,33,33,0,0,0,0
2020-05-26,Andhra Pradesh,3110,1896,56,287,40,0
2020-05-26,Arunachal Pradesh,2,1,0,1,0,0
2020-05-26,Assam,526,62,4,148,7,0
2020-05-26,Bihar,2730,749,13,143,47,0
2020-05-26,Chandigarh,238,186,3,0,0,0
2020-05-26,Chhattisgarh,291,72,0,39,5,0
2020-05-26,Dadar Nagar Haveli,2,0,0,0,0,0
2020-05-26,Delhi,14053,6771,276,635,231,15
2020-05-26,Goa,67,19,0,1,0,0
2020-05-26,Gujarat,14460,6636,888,404,224,30
2020-05-26,Haryana,1184,765,16,0,0,0
2020-05-26,Himachal Pradesh,223,67,5,20,4,2
2020-05-26,Jammu and Kashmir,1668,809,23,47,0,2
2020-05-26,Jharkhand,377,148,4,7,0,0
2020-05-26,Karnataka,2182,705,44,93,51,2
2020-05-26,Kerala,896,532,5,49,11,1
2020-05-26,Ladakh,52,43,0,0,0,0
2020-05-26,Madhya Pradesh,6859,3571,300,194,163,10
2020-05-26,Maharashtra,52667,15786,1695,2436,1186,60
2020-05-26,Manipur,39,4,0,7,0,0
2020-05-26,Meghalaya,14,12,1,0,0,0
2020-05-26,Mizoram,1,1,0,0,0,0
2020-05-26,Nagaland,3,0,0,3,0,0
2020-05-26,Odisha,1438,649,7,102,99,0
2020-05-26,Puducherry,41,12,0,0,0,0
2020-05-26,Punjab,2060,1898,40,0,0,0
2020-05-26,Rajasthan,7300,3951,167,272,103,4
2020-05-26,Sikkim,1,0,0,0,0,0
2020-05-26,Tamil Nadu,17082,8731,118,805,407,7
2020-05-26,Telengana,1920,1164,56,66,74,3
2020-05-26,Tripura,194,165,0,3,0,0
2020-05-26,Uttarakhand,349,58,3,32,0,0
2020-05-26,Uttar Pradesh,6532,3581,165,264,43,4
2020-05-26,West Bengal,3816,1414,278,149,75,6
2020-05-27,Andaman and Nicobar Islands,33,33,0,0,0,0
2020-05-27,Andhra Pradesh,3171,2009,57,61,113,1
2020-05-27,Arunachal Pradesh,2,1,0,0,0,0
2020-05-27,Assam,616,62,4,90,0,0
2020-05-27,Bihar,2983,900,13,253,151,0
2020-05-27,Chandigarh,266,187,4,28,1,1
2020-05-27,Chhattisgarh,361,79,0,70,7,0
2020-05-27,Dadar Nagar Haveli,2,0,0,0,0,0
2020-05-27,Delhi,14465,7223,288,412,452,12
2020-05-27,Goa,67,28,0,0,9,0
2020-05-27,Gujarat,14821,7139,915,361,503,27
2020-05-27,Haryana,1305,824,17,121,59,1
2020-05-27,Himachal Pradesh,247,67,5,24,0,0
2020-05-27,Jammu and Kashmir,1759,833,24,91,24,1
2020-05-27,Jharkhand,426,175,4,49,27,0
2020-05-27,Karnataka,2283,748,44,101,43,0
2020-05-27,Kerala,963,542,6,67,10,1
2020-05-27,Ladakh,53,43,0,1,0,0
2020-05-27,Madhya Pradesh,7024,3689,305,165,118,5
2020-05-27,Maharashtra,54758,16954,1792,2091,1168,97
2020-05-27,Manipur,39,4,0,0,0,0
2020-05-27,Meghalaya,15,12,1,1,0,0
2020-05-27,Mizoram,1,1,0,0,0,0
2020-05-27,Nagaland,4,0,0,1,0,0
2020-05-27,Odisha,1517,733,7,79,84,0
2020-05-27,Puducherry,46,12,0,5,0,0
2020-05-27,Punjab,2106,1918,40,46,20,0
2020-05-27,Rajasthan,7536,4171,170,236,220,3
2020-05-27,Sikkim,1,0,0,0,0,0
2020-05-27,Tamil Nadu,17728,9342,127,646,611,9
2020-05-27,Telengana,1991,1284,57,71,120,1
2020-05-27,Tripura,207,165,0,13,0,0
2020-05-27,Uttarakhand,401,64,4,52,6,1
2020-05-27,Uttar Pradesh,6548,3698,170,16,117,5
2020-05-27,West Bengal,4009,1486,283,193,72,5
2020-05-28,Andaman and Nicobar Islands,33,33,0,0,0,0
2020-05-28,Andhra Pradesh,3171,2057,58,0,48,1
2020-05-28,Arunachal Pradesh,2,1,0,0,0,0
2020-05-28,Assam,781,87,4,165,25,0
2020-05-28,Bihar,3061,1083,15,78,183,2
2020-05-28,Chandigarh,279,187,4,13,0,0
2020-05-28,Chhattisgarh,369,83,0,8,4,0
2020-05-28,Dadar Nagar Haveli,2,0,0,0,0,0
2020-05-28,Delhi,15257,7264,303,792,41,15
2020-05-28,Goa,68,37,0,1,9,0
2020-05-28,Gujarat,15195,7549,938,374,410,23
2020-05-28,Haryana,1381,838,18,76,14,1
2020-05-28,Himachal Pradesh,273,70,5,26,3,0
2020-05-28,Jammu and Kashmir,1921,854,26,162,21,2
2020-05-28,Jharkhand,448,185,4,22,10,0
2020-05-28,Karnataka,2418,781,47,135,33,3
2020-05-28,Kerala,1004,552,7,41,10,1
2020-05-28,Ladakh,53,43,0,0,0,0
2020-05-28,Madhya Pradesh,7261,3927,313,237,238,8
2020-05-28,Maharashtra,56948,17918,1897,2190,964,105
2020-05-28,Manipur,44,4,0,5,0,0
2020-05-28,Meghalaya,20,12,1,5,0,0
2020-05-28,Mizoram,1,1,0,0,0,0
2020-05-28,Nagaland,4,0,0,0,0,0
2020-05-28,Odisha,1593,733,7,76,0,0
2020-05-28,Puducherry,46,12,0,0,0,0
2020-05-28,Punjab,2139,1918,40,33,0,0
2020-05-28,Rajasthan,7703,4457,173,167,286,3
2020-05-28,Sikkim,1,0,0,0,0,0
2020-05-28,Tamil Nadu,18545,9909,133,817,567,6
2020-05-28,Telengana,2098,1284,63,107,0,6
2020-05-28,Tripura,230,165,0,23,0,0
2020-05-28,Uttarakhand,469,79,4,68,15,0
2020-05-28,Uttar Pradesh,6991,3991,182,443,293,12
2020-05-28,West Bengal,4192,1578,289,183,92,6
2020-05-29,Andaman and Nicobar Islands,33,33,0,0,0,0
2020-05-29,Andhra Pradesh,3251,2125,59,80,68,1
2020-05-29,Arunachal Pradesh,3,1,0,1,0,0
2020-05-29,Assam,856,104,4,75,17,0
2020-05-29,Bihar,3296,1211,15,235,128,0
2020-05-29,Chandigarh,288,189,4,9,2,0
2020-05-29,Chhattisgarh,399,83,0,30,0,0
2020-05-29,Dadar Nagar Haveli,2,0,0,0,0,0
2020-05-29,Delhi,16281,7495,316,1024,231,13
2020-05-29,Goa,69,38,0,1,1,0
2020-05-29,Gujarat,15562,8003,960,367,454,22
2020-05-29,Haryana,1504,881,19,123,43,1
2020-05-29,Himachal Pradesh,276,70,5,3,0,0
2020-05-29,Jammu and Kashmir,2036,859,27,115,5,1
2020-05-29,Jharkhand,469,212,4,21,27,0
2020-05-29,Karnataka,2533,834,47,115,53,0
2020-05-29,Kerala,1088,555,7,84,3,0
2020-05-29,Ladakh,73,43,0,20,0,0
2020-05-29,Madhya Pradesh,7453,4050,321,192,123,8
2020-05-29,Maharashtra,59546,18616,1982,2598,698,85
2020-05-29,Manipur,55,5,0,11,1,0
2020-05-29,Meghalaya,21,12,1,1,0,0
2020-05-29,Mizoram,1,1,0,0,0,0
2020-05-29,Nagaland,18,0,0,14,0,0
2020-05-29,Odisha,1660,887,7,67,154,0
2020-05-29,Puducherry,51,14,0,5,2,0
2020-05-29,Punjab,2158,1946,40,19,28,0
2020-05-29,Rajasthan,8067,4817,180,364,360,7
2020-05-29,Sikkim,1,0,0,0,0,0
2020-05-29,Tamil Nadu,19372,10548,145,827,639,12
2020-05-29,Telengana,2256,1345,67,158,61,4
2020-05-29,Tripura,242,167,0,12,2,0
2020-05-29,Uttarakhand,500,79,4,31,0,0
2020-05-29,Uttar Pradesh,7170,4215,197,179,224,15
2020-05-29,West Bengal,4536,1668,295,344,90,6
2020-05-30,Andaman and Nicobar Islands,33,33,0,0,0,0
2020-05-30,Andhra Pradesh,3436,2226,60,185,101,1
2020-05-30,Arunachal Pradesh,3,1,0,0,0,0
2020-05-30,Assam,1024,125,4,168,21,0
2020-05-30,Bihar,3376,1211,15,80,0,0
2020-05-30,Chandigarh,289,189,4,1,0,0
2020-05-30,Chhattisgarh,415,100,1,16,17,1
2020-05-30,Dadar Nagar Haveli,2,0,0,0,0,0
2020-05-30,Delhi,17386,7846,398,1105,351,82
2020-05-30,Goa,69,41,0,0,3,0
2020-05-30,Gujarat,15934,8611,980,372,608,20
2020-05-30,Haryana,1721,940,19,217,59,0
2020-05-30,Himachal Pradesh,295,87,5,19,17,0
2020-05-30,Jammu and Kashmir,2164,875,28,128,16,1
2020-05-30,Jharkhand,511,216,5,42,4,1
2020-05-30,Karnataka,2781,894,48,248,60,1
2020-05-30,Kerala,1150,565,8,62,10,1
2020-05-30,Ladakh,74,43,0,1,0,0
2020-05-30,Madhya Pradesh,7645,4269,334,192,219,13
2020-05-30,Maharashtra,62228,26997,2098,2682,8381,116
2020-05-30,Manipur,59,8,0,4,3,0
2020-05-30,Meghalaya,27,12,1,6,0,0
2020-05-30,Mizoram,1,1,0,0,0,0
2020-05-30,Nagaland,25,0,0,7,0,0
2020-05-30,Odisha,1723,887,7,63,0,0
2020-05-30,Puducherry,51,14,0,0,0,0
2020-05-30,Punjab,2197,1949,42,39,3,2
2020-05-30,Rajasthan,8365,5244,184,298,427,4
2020-05-30,Sikkim,1,0,0,0,0,0
2020-05-30,Tamil Nadu,20246,11313,154,874,765,9
2020-05-30,Telengana,2425,1381,71,169,36,4
2020-05-30,Tripura,251,171,0,9,4,0
2020-05-30,Uttarakhand,716,102,5,216,23,1
2020-05-30,Uttar Pradesh,7284,4244,198,114,29,1
2020-05-30,West Bengal,4813,1775,302,277,107,7
2020-05-31,Andaman and Nicobar Islands,33,33,0,0,0,0
2020-05-31,Andhra Pradesh,3569,2289,60,133,63,0
2020-05-31,Arunachal Pradesh,4,1,0,1,0,0
2020-05-31,Assam,1185,163,4,161,38,0
2020-05-31,Bihar,3636,1618,20,260,407,5
2020-05-31,Chandigarh,289,189,4,0,0,0
2020-05-31,Chhattisgarh,447,102,1,32,2,0
2020-05-31,Dadar Nagar Haveli,2,0,0,0,0,0
2020-05-31,Delhi,18549,8075,416,1163,229,18
2020-05-31,Goa,70,41,0,1,0,0
2020-05-31,Gujarat,16343,9230,1007,409,619,27
2020-05-31,Haryana,1923,971,20,202,31,1
2020-05-31,Himachal Pradesh,313,111,5,18,24,0
2020-05-31,Jammu and Kashmir,2341,908,28,177,33,0
2020-05-31,Jharkhand,563,256,5,52,40,0
2020-05-31,Karnataka,2922,997,48,141,103,0
2020-05-31,Kerala,1208,575,9,58,10,1
2020-05-31,Ladakh,74,43,0,0,0,0
2020-05-31,Madhya Pradesh,7891,4444,343,246,175,9
2020-05-31,Maharashtra,65168,28081,2197,2940,1084,99
2020-05-31,Manipur,62,8,0,3,0,0
2020-05-31,Meghalaya,27,12,1,0,0,0
2020-05-31,Mizoram,1,1,0,0,0,0
2020-05-31,Nagaland,36,0,0,11,0,0
2020-05-31,Odisha,1819,1050,7,96,163,0
2020-05-31,Puducherry,51,14,0,0,0,0
2020-05-31,Punjab,2233,1967,44,36,18,2
2020-05-31,Rajasthan,8617,5739,193,252,495,9
2020-05-31,Sikkim,1,0,0,0,0,0
2020-05-31,Tamil Nadu,21184,12000,160,938,687,6
2020-05-31,Telengana,2499,1412,77,74,31,6
2020-05-31,Tripura,268,172,0,17,1,0
2020-05-31,Uttarakhand,749,102,5,33,0,0
2020-05-31,Uttar Pradesh,7445,4410,201,161,166,3
2020-05-31,West Bengal,5130,1970,309,317,195,7
2020-06-01,Andaman and Nicobar Islands,33,33,0,0,0,0
2020-06-01,Andhra Pradesh,3679,2349,62,110,60,2
2020-06-01,Arunachal Pradesh,4,1,0,0,0,0
2020-06-01,Assam,1272,185,4,87,22,0
2020-06-01,Bihar,3815,1710,21,179,92,1
2020-06-01,Chandigarh,293,199,4,4,10,0
2020-06-01,Chhattisgarh,498,115,1,51,13,0
2020-06-01,Dadar Nagar Haveli,2,0,0,0,0,0
2020-06-01,Delhi,19844,8478,473,1295,403,57
2020-06-01,Goa,70,42,0,0,1,0
2020-06-01,Gujarat,16779,9919,1038,436,689,31
2020-06-01,Haryana,2091,1048,20,168,77,0
2020-06-01,Himachal Pradesh,331,120,5,18,9,0
2020-06-01,Jammu and Kashmir,2446,927,28,105,19,0
2020-06-01,Jharkhand,610,256,5,47,0,0
2020-06-01,Karnataka,3221,1218,51,299,221,3
2020-06-01,Kerala,1269,590,9,61,15,0
2020-06-01,Ladakh,74,43,0,0,0,0
2020-06-01,Madhya Pradesh,8089,4842,350,198,398,7
2020-06-01,Maharashtra,67655,29329,2286,2487,1248,89
2020-06-01,Manipur,71,11,0,9,3,0
2020-06-01,Meghalaya,27,12,1,0,0,0
2020-06-01,Mizoram,1,1,0,0,0,0
2020-06-01,Nagaland,43,0,0,7,0,0
2020-06-01,Odisha,1948,1126,7,129,76,0
2020-06-01,Puducherry,70,25,0,19,11,0
2020-06-01,Punjab,2263,1987,45,30,20,1
2020-06-01,Rajasthan,8831,5927,194,214,188,1
2020-06-01,Sikkim,1,0,0,0,0,0
2020-06-01,Tamil Nadu,22333,12757,173,1149,757,13
2020-06-01,Telengana,2698,1428,82,199,16,5
2020-06-01,Tripura,313,173,0,45,1,0
2020-06-01,Uttarakhand,907,102,5,158,0,0
2020-06-01,Uttar Pradesh,7823,4709,213,378,299,12
2020-06-01,West Bengal,5501,2157,317,371,187,8
